date,appliances,lights,t1,rh_1,t2,rh_2,t3,rh_3,t4,rh_4,t5,rh_5,t6,rh_6,t7,rh_7,t8,rh_8,t9,rh_9,t_out,press_mm_hg,rh_out,windspeed,visibility,tdewpoint
2016-01-12 02:50:00,40,0,20.6,46.127,20.0,44.5,20.2,45.4,20.745,45.9,18.73,50.09,4.19,93.127,17.823,45.963,19.133,54.79,17.0,47.663,4.867,738.8,92.0,4.167,40.0,3.667
2016-01-12 12:10:00,190,0,20.033,45.5,19.2,44.127,19.963,44.7,20.033,43.693,18.067,49.0,6.59,85.463,17.918,40.24,18.567,47.59,17.1,45.06,7.083,743.5,80.667,7.0,30.0,4.017
2016-01-13 02:20:00,50,0,19.2,43.76,18.5,43.775,19.89,45.0,18.79,44.06,17.23,52.03,5.5,88.393,18.0,44.765,18.75,55.0,17.1,49.09,5.367,749.267,90.333,8.0,22.0,3.867
2016-01-13 04:00:00,50,0,19.033,44.03,18.308,43.9,19.79,45.0,18.633,44.2,17.2,52.433,5.833,80.99,18.0,44.669,18.7,54.149,17.1,49.79,5.4,751.2,89.0,8.0,24.0,3.7
2016-01-13 05:20:00,40,0,18.89,44.2,18.245,44.0,19.89,45.09,18.5,44.2,17.1,52.7,5.433,78.43,18.0,44.9,18.7,53.663,17.2,50.127,5.133,752.2,90.0,7.667,22.333,3.533
2016-01-13 05:50:00,20,0,18.89,44.29,18.2,44.0,19.927,45.09,18.5,44.2,17.2,52.79,5.5,78.633,18.0,45.241,18.7,53.42,17.2,50.2,5.033,752.65,90.0,7.167,22.833,3.433
2016-01-13 21:10:00,250,10,19.6,41.59,19.133,40.9,19.2,42.863,19.7,41.297,18.1,85.897,1.5,85.4,18.39,38.0,19.79,45.363,16.7,40.163,2.95,756.817,88.833,5.0,38.167,1.317
2016-01-13 22:40:00,30,0,19.5,42.0,19.0,40.93,21.2,45.597,19.133,40.1,18.945,76.15,1.567,89.03,18.2,38.067,19.667,46.327,16.6,40.633,3.033,756.067,86.667,5.667,36.333,0.967
2016-01-13 23:20:00,50,0,19.39,42.09,18.823,41.23,20.6,44.23,18.963,41.03,18.533,70.257,1.933,89.59,18.1,38.963,19.6,47.8,16.6,42.157,3.067,755.767,87.0,5.667,36.333,1.067
2016-01-14 01:50:00,40,0,19.0,42.09,18.39,41.29,19.89,43.2,18.533,41.7,17.89,65.14,2.09,92.56,18.1,41.963,19.29,51.09,16.7,45.567,2.817,754.033,92.5,5.0,27.833,1.65
2016-01-14 09:10:00,70,20,18.427,43.327,17.79,42.23,19.29,42.4,18.567,41.4,17.26,52.823,2.5,93.727,17.633,39.59,18.427,46.89,16.7,45.863,1.4,749.367,97.5,3.5,35.833,1.033
2016-01-14 13:10:00,60,0,20.963,43.867,20.26,40.127,22.39,44.9,18.857,42.793,17.1,53.2,3.618,95.998,17.427,37.963,18.033,44.627,17.1,46.833,4.3,748.217,87.5,6.0,40.0,2.417
2016-01-14 15:40:00,50,0,21.6,40.0,21.1,39.09,21.39,41.5,18.79,42.433,17.1,53.5,5.433,88.93,17.39,38.0,17.89,44.76,17.1,45.23,5.433,747.533,80.667,6.0,40.0,2.333
2016-01-14 18:00:00,90,10,22.1,42.363,21.567,39.36,22.533,43.767,18.745,45.295,17.1,53.9,4.59,74.633,17.7,38.5,18.6,45.76,17.0,43.163,4.5,748.1,76.0,6.0,40.0,0.6
2016-01-14 20:10:00,110,10,22.73,44.1,21.79,40.46,22.0,43.59,18.89,47.29,17.633,66.36,4.0,74.8,17.833,39.323,19.1,45.133,16.982,43.577,3.5,748.85,83.333,8.333,40.0,0.917
2016-01-14 22:40:00,50,0,23.26,40.09,22.39,39.663,21.567,43.0,19.033,45.3,19.0,55.0,2.96,70.667,18.927,39.93,19.7,46.657,17.0,44.745,2.1,749.567,84.667,7.333,28.667,-0.3
2016-01-15 01:40:00,60,0,23.7,39.09,22.7,39.09,21.2,43.363,18.5,43.5,18.6,55.29,0.6,94.53,18.5,42.23,19.5,49.4,17.2,47.06,0.267,749.333,99.333,10.0,52.667,0.133
2016-01-15 04:10:00,50,0,22.89,39.433,21.89,39.127,21.29,43.59,18.39,43.0,18.357,54.5,2.0,95.19,18.5,42.76,19.29,49.29,17.29,47.7,2.75,750.883,81.833,10.0,27.5,-0.15
2016-01-15 04:50:00,50,0,22.667,39.56,21.7,39.2,21.29,43.627,18.29,42.863,18.29,54.29,1.9,95.9,18.463,42.333,19.29,49.29,17.29,47.59,2.95,751.217,77.167,10.0,37.5,-0.75
2016-01-16 16:40:00,70,20,21.5,38.4,20.6,37.79,20.7,41.425,21.29,40.09,19.29,54.133,2.693,95.963,20.357,36.863,20.2,42.433,18.1,42.723,2.433,764.533,82.333,3.333,48.333,-0.4
2016-01-16 20:00:00,120,30,23.29,40.39,22.1,38.627,22.79,45.0,20.79,40.26,18.89,52.23,0.733,96.227,19.918,38.168,21.2,42.467,17.79,40.29,0.8,764.9,92.0,1.0,40.0,-0.3
2016-01-17 11:00:00,180,0,21.963,39.26,21.39,37.663,21.89,41.327,21.7,39.767,18.1,50.59,-0.467,96.03,19.2,37.527,20.133,45.2,17.89,41.76,1.3,765.4,87.0,1.0,29.0,-0.6
2016-01-17 15:40:00,80,0,21.7,34.833,20.29,34.513,21.0,36.4,21.2,35.53,18.092,46.082,1.667,97.263,21.7,31.893,22.293,39.43,18.39,39.333,2.833,765.133,59.667,1.333,40.0,-4.3
2016-01-17 19:20:00,90,10,22.357,45.63,20.454,42.342,21.0,40.73,21.567,36.967,19.199,50.52,-3.475,90.622,20.74,31.762,22.39,40.408,17.963,38.43,-1.067,764.8,77.0,2.0,40.0,-4.667
2016-01-18 03:40:00,40,0,20.76,40.53,19.1,40.4,20.245,40.245,20.1,38.09,18.633,60.963,-5.343,86.99,19.89,37.4,21.0,47.567,17.6,40.5,-4.0,761.567,86.333,2.667,26.333,-6.033
2016-01-18 05:00:00,40,0,20.427,40.567,18.79,40.29,20.29,40.5,19.79,37.9,18.39,59.9,-5.472,86.342,19.79,38.0,20.89,47.318,17.6,41.467,-4.0,760.8,84.0,3.0,27.0,-6.3
2016-01-18 09:00:00,40,0,19.857,41.363,18.2,41.59,19.89,40.79,19.2,38.2,18.0,58.26,-4.727,88.774,19.39,36.5,20.29,44.79,17.39,39.4,-4.1,759.6,86.0,2.0,22.0,-6.1
2016-01-18 10:50:00,40,0,19.6,41.03,18.133,41.7,19.76,40.59,19.1,37.967,17.89,57.59,-2.328,93.485,19.1,35.627,19.927,43.433,17.29,38.5,-2.417,758.967,81.167,2.667,37.167,-5.317
2016-01-18 21:20:00,440,20,20.6,40.4,19.567,40.433,21.133,46.123,21.097,37.363,18.23,83.327,-3.672,86.809,18.133,31.823,20.39,42.133,16.823,37.39,-3.333,756.733,84.0,2.0,22.667,-5.7
2016-01-19 00:20:00,50,0,20.323,39.2,19.067,39.363,19.89,40.29,20.2,38.4,17.5,64.647,-6.065,82.561,17.958,33.576,20.06,44.314,16.84,39.045,-4.533,756.6,88.333,1.0,65.0,-6.167
2016-01-19 10:40:00,40,0,18.6,40.5,17.26,40.967,19.067,39.863,17.927,38.09,16.7,56.79,-5.127,84.917,17.296,33.682,18.71,42.29,16.5,38.627,-2.833,757.367,84.333,1.0,63.333,-5.2
2016-01-19 17:10:00,40,0,19.2,39.7,18.0,40.29,19.0,39.568,18.0,37.26,16.39,54.9,-1.953,86.83,19.072,31.689,19.994,39.657,16.857,38.333,-0.75,757.45,75.5,1.0,21.667,-4.667
2016-01-19 22:00:00,120,0,19.79,39.127,18.89,39.133,19.963,39.627,19.76,35.76,18.133,59.99,-5.585,83.684,17.567,29.29,20.427,39.267,16.23,34.793,-3.6,758.2,91.0,1.0,61.0,-4.9
2016-01-20 13:00:00,80,0,17.89,35.863,16.76,37.2,18.29,37.5,16.7,36.09,16.7,56.401,1.357,96.03,16.48,31.181,19.352,40.734,15.89,37.89,-0.4,760.6,83.0,2.0,61.0,-2.9
2016-01-20 17:10:00,70,0,17.39,36.627,16.39,36.827,17.89,37.467,16.323,36.26,16.2,51.602,1.533,96.9,16.2,31.033,20.2,42.017,15.6,35.59,0.267,760.367,87.5,2.0,56.833,-1.55
2016-01-21 02:00:00,40,0,19.2,38.7,18.39,38.2,18.79,39.79,18.1,38.09,16.5,57.157,0.667,96.967,16.2,33.79,19.396,46.51,15.89,41.863,-2.0,762.2,94.0,2.0,46.0,-2.9
2016-01-22 08:40:00,30,0,18.5,38.76,17.39,38.53,18.89,39.693,16.26,38.43,16.39,47.4,-0.933,94.527,16.2,32.9,18.329,43.633,16.0,42.29,-0.333,763.033,79.0,3.667,20.667,-3.633
2016-01-23 01:00:00,20,0,17.5,41.56,16.533,42.06,17.89,40.433,15.5,41.127,15.69,48.52,5.06,99.9,15.875,36.606,16.927,44.363,15.3,40.9,4.6,763.6,100.0,4.0,4.0,4.6
2016-01-23 14:20:00,140,10,16.89,44.663,16.2,44.467,17.357,42.5,15.19,44.09,15.39,49.845,8.89,99.9,15.6,39.7,17.067,50.208,15.1,44.163,7.433,770.167,95.0,4.667,63.333,6.633
2016-01-24 11:20:00,180,30,19.1,44.723,18.5,43.76,19.26,43.663,19.133,44.863,17.708,84.775,6.867,99.9,15.6,41.9,18.0,54.067,15.69,49.163,6.533,768.1,98.333,5.0,57.333,6.267
2016-01-24 15:20:00,80,10,21.39,45.03,20.79,43.827,21.0,46.663,18.2,46.863,18.106,55.376,8.5,99.9,15.8,44.302,19.6,52.577,15.69,48.79,7.867,767.467,97.0,4.333,61.0,7.467
2016-01-24 16:30:00,50,10,21.5,45.03,20.89,44.327,20.7,45.79,17.89,46.9,18.528,53.302,8.3,99.9,15.89,44.545,19.89,51.803,15.69,48.59,7.85,767.45,96.5,5.0,62.0,7.35
2016-01-25 13:20:00,60,0,20.29,43.59,19.5,43.09,20.2,44.4,18.2,45.0,18.22,47.939,11.227,79.893,17.89,40.926,19.209,46.866,16.823,48.933,12.233,762.7,58.667,5.667,40.0,4.233
2016-01-25 20:00:00,390,20,20.39,43.267,19.39,43.363,20.427,44.23,18.697,45.663,18.469,47.05,8.83,92.397,18.384,39.515,19.318,46.2,17.1,47.863,9.5,762.8,78.0,4.0,40.0,5.8
2016-01-26 09:50:00,40,0,20.1,45.2,19.23,44.827,20.5,44.4,19.5,46.127,17.539,53.0,9.3,99.9,17.5,43.0,18.189,49.5,17.1,48.967,9.267,762.65,94.0,4.833,61.167,8.367
2016-01-26 13:50:00,30,0,19.89,45.5,19.2,44.967,20.5,44.29,19.0,46.59,17.567,52.9,12.19,81.5,17.6,43.327,18.2,49.775,17.2,48.5,11.0,761.2,77.0,8.0,27.0,7.083
2016-01-26 15:20:00,40,0,19.963,45.2,19.29,44.76,20.463,44.26,19.0,46.0,17.6,52.75,11.427,78.2,17.79,42.882,18.334,49.28,17.29,48.29,10.567,760.733,75.0,9.333,32.667,6.333
2016-01-26 18:10:00,40,0,19.79,45.2,19.033,44.59,20.39,44.06,18.79,46.09,17.5,52.56,9.3,81.56,17.667,42.173,18.2,48.59,17.2,47.7,9.817,759.917,74.0,9.0,40.0,5.333
2016-01-26 19:50:00,30,0,19.667,45.06,18.89,44.627,20.357,43.863,18.6,46.09,17.5,52.439,9.5,85.263,17.6,42.09,18.1,48.7,17.1,47.5,9.65,760.0,77.333,9.0,40.0,5.917
2016-01-27 12:30:00,30,0,19.76,46.0,18.927,45.59,19.89,45.2,18.6,47.2,17.5,55.114,11.067,87.933,17.812,45.044,17.7,50.555,17.1,48.9,11.0,756.8,83.5,10.5,34.5,8.3
2016-01-27 16:20:00,40,0,19.6,46.0,18.79,45.9,19.79,45.2,18.5,47.5,17.5,54.56,11.33,80.133,17.71,44.9,17.7,50.79,17.1,48.76,11.0,755.233,81.333,9.0,40.0,7.933
2016-01-27 18:50:00,40,0,19.427,46.29,18.667,46.26,19.79,45.127,18.39,47.663,17.457,54.357,10.033,96.5,17.7,44.9,17.7,50.876,17.1,48.79,10.033,754.983,90.5,9.0,56.333,8.45
2016-01-27 20:30:00,30,0,19.29,46.59,18.6,46.5,19.79,45.2,18.29,47.9,17.39,54.22,9.6,99.9,17.6,45.0,17.606,51.005,17.0,48.79,9.6,755.0,93.5,8.5,43.0,8.55
2016-01-28 05:40:00,40,0,18.89,46.79,18.1,46.663,19.5,45.068,17.89,47.7,17.29,53.4,7.19,99.9,17.39,44.29,17.482,50.682,16.857,48.467,6.733,760.867,89.667,3.0,32.667,5.167
2016-01-28 07:50:00,30,0,18.79,46.5,18.0,46.5,19.7,45.0,17.79,47.09,17.29,53.157,4.727,96.833,17.29,43.602,17.39,49.939,16.79,47.7,5.367,762.767,89.167,2.0,29.0,3.7
2016-01-28 11:20:00,40,0,18.79,46.29,18.29,46.0,19.6,44.467,18.2,45.9,17.2,52.59,5.063,99.9,17.396,42.163,17.445,48.517,16.79,46.59,6.3,765.167,82.667,1.667,32.667,3.5
2016-01-28 15:30:00,20,0,19.427,45.23,18.7,44.9,19.79,44.4,18.29,45.03,17.2,52.07,6.5,83.227,18.791,39.893,18.755,45.97,17.167,46.59,7.1,765.1,69.5,2.0,34.5,1.8
2016-01-28 16:20:00,40,0,19.6,45.0,18.823,44.53,19.79,44.53,18.29,44.79,17.2,52.085,6.19,83.69,19.15,39.439,19.05,45.398,17.29,47.133,6.5,765.1,71.667,2.0,40.0,1.667
2016-01-28 22:20:00,20,0,18.89,43.79,18.0,44.127,19.7,43.5,17.6,43.967,17.011,51.71,0.8,95.063,17.994,39.0,18.011,45.339,16.89,44.29,2.833,765.7,88.667,4.333,32.0,1.133
2016-01-29 00:50:00,20,0,18.7,43.5,17.79,44.09,19.5,42.827,17.39,43.7,16.945,51.4,1.1,97.075,17.7,38.911,17.785,45.2,16.7,43.7,3.333,765.117,83.5,5.0,40.0,0.733
2016-01-29 01:20:00,50,0,18.6,43.4,17.7,44.127,19.39,42.627,17.39,43.627,16.902,51.29,1.26,97.56,17.639,38.833,17.7,45.2,16.7,43.59,3.333,765.1,83.333,5.0,40.0,0.7
2016-01-29 15:50:00,30,0,17.89,45.06,17.1,45.267,18.918,42.425,16.79,45.06,16.6,50.2,8.727,84.367,16.908,40.439,17.0,47.096,16.2,44.59,8.467,762.533,84.167,10.0,40.0,5.9
2016-01-29 18:40:00,90,0,19.357,45.463,19.025,44.472,19.26,43.93,16.7,45.7,16.6,50.79,8.8,85.09,16.79,41.7,17.7,50.467,16.1,45.4,8.933,762.267,82.667,9.667,40.0,6.133
2016-01-29 19:10:00,70,10,19.633,45.0,19.29,44.127,19.5,43.933,16.7,45.79,16.6,50.911,9.0,84.33,16.79,41.77,17.796,50.406,16.2,45.933,9.0,762.283,82.0,10.0,40.0,6.1
2016-01-29 21:50:00,60,0,20.39,44.0,20.0,43.2,20.1,43.827,16.7,46.2,16.775,51.669,9.1,84.59,16.79,42.351,18.1,48.849,16.2,46.09,9.1,761.567,83.0,9.833,40.0,6.3
2016-01-30 02:10:00,40,0,19.6,43.79,18.89,43.5,19.963,44.79,16.6,46.4,16.7,51.79,8.89,86.367,16.851,42.478,18.79,52.281,16.39,48.4,8.833,758.65,85.5,10.167,28.333,6.467
2016-01-30 07:00:00,20,0,18.89,44.76,18.2,44.59,20.0,45.0,16.5,47.0,16.7,51.79,8.3,99.9,16.851,43.055,18.469,54.507,16.427,49.36,8.3,754.7,94.0,11.0,25.0,7.4
2016-01-30 10:50:00,50,0,19.357,46.333,19.2,45.157,19.79,44.7,16.39,47.59,18.054,69.871,8.463,99.9,16.79,44.0,18.255,54.461,16.39,48.79,8.5,752.3,92.0,11.0,57.5,7.2
2016-01-30 15:00:00,400,0,20.357,45.06,20.1,43.76,20.033,45.59,19.76,46.427,17.812,70.334,6.8,99.9,16.801,42.876,19.6,51.419,16.323,47.23,6.5,751.7,95.0,5.0,29.0,5.7
2016-01-30 16:00:00,110,0,20.79,44.223,20.5,43.06,20.2,44.79,19.1,45.56,17.7,62.84,6.157,99.9,16.873,42.113,19.79,50.529,16.39,47.0,6.3,752.4,82.0,6.0,40.0,3.5
2016-01-30 20:00:00,90,10,21.89,53.1,21.29,45.36,21.633,49.227,20.533,40.967,17.678,58.204,2.53,97.09,16.89,39.345,20.617,47.563,16.29,44.2,2.7,754.6,90.0,3.0,27.0,1.2
2016-01-30 22:00:00,90,0,22.2,42.695,21.633,41.7,21.1,44.663,19.392,42.14,19.5,48.747,1.6,96.933,16.927,37.79,20.79,46.376,16.29,42.827,3.2,754.6,84.0,5.0,29.0,0.7
2016-01-30 23:50:00,40,0,21.7,42.163,20.918,41.222,20.79,44.53,18.79,42.76,18.5,52.564,3.7,99.3,17.0,39.357,20.79,49.958,16.5,47.09,4.417,754.7,87.167,5.0,28.833,2.433
2016-01-31 00:30:00,50,0,21.5,42.2,20.667,41.363,20.89,44.7,18.6,43.09,18.307,53.416,3.9,99.4,17.0,39.5,20.7,50.779,16.5,47.467,4.4,754.8,86.5,4.5,34.5,2.35
2016-01-31 02:40:00,50,0,20.927,41.967,20.0,41.59,20.79,44.53,18.29,43.5,18.0,54.483,3.067,98.323,17.0,39.7,20.39,51.545,16.7,48.967,3.867,754.733,91.0,4.0,40.0,2.467
2016-01-31 21:50:00,90,10,22.963,46.327,21.963,45.327,21.89,46.7,19.7,50.26,20.633,61.304,11.5,99.9,19.161,50.382,21.868,53.133,17.1,51.0,11.667,754.233,93.333,8.0,28.667,10.617
2016-02-01 01:20:00,40,10,21.89,47.09,21.067,46.56,21.76,46.5,19.1,49.5,19.873,52.667,11.3,99.9,19.05,50.145,21.594,57.28,17.39,51.9,11.4,756.433,91.333,8.333,34.667,10.0
2016-02-01 01:40:00,40,10,21.857,47.06,21.0,46.545,21.73,46.4,19.1,49.4,19.79,52.461,11.3,99.9,19.0,49.903,21.482,57.198,17.39,52.0,11.3,756.567,91.667,7.667,29.333,10.0
2016-02-01 20:10:00,300,40,24.0,47.05,23.1,44.36,24.2,45.79,20.167,51.063,20.675,51.384,11.0,83.56,18.801,44.602,21.0,51.623,17.79,49.29,10.55,759.8,86.833,9.0,43.667,8.467
2016-02-01 20:50:00,60,30,23.823,45.8,22.89,43.827,23.89,45.4,21.2,49.03,21.352,79.658,10.8,86.397,18.818,44.73,21.078,53.319,17.79,49.29,10.35,759.8,90.167,9.0,58.333,8.733
2016-02-01 22:50:00,70,20,23.29,44.967,22.39,43.9,23.29,45.0,21.73,48.363,20.5,64.979,10.16,97.997,18.796,45.489,21.078,54.879,17.823,49.827,10.133,759.8,93.667,9.0,60.667,9.167
2016-02-02 01:10:00,50,0,22.7,45.7,21.79,44.76,23.29,45.5,21.5,49.09,20.2,60.553,10.263,99.9,18.79,45.9,20.796,56.51,17.963,51.09,10.267,759.583,95.167,6.833,45.5,9.5
2016-02-02 06:40:00,40,0,21.89,46.09,21.0,45.79,23.2,46.29,20.1,49.2,19.735,58.29,9.322,99.9,18.823,45.95,20.7,56.373,18.29,52.7,9.433,758.3,90.667,6.0,48.333,8.0
2016-02-02 17:10:00,40,0,21.6,47.36,21.0,45.223,22.1,46.327,20.2,46.03,19.79,51.013,7.657,98.867,18.678,42.565,19.79,49.09,18.29,48.76,7.3,756.483,91.667,5.0,40.0,5.967
2016-02-03 08:50:00,230,30,20.79,44.5,20.2,42.363,21.6,44.772,20.5,44.7,19.2,57.73,3.663,94.73,18.29,39.076,20.323,48.264,18.2,48.0,3.917,758.7,88.667,3.833,29.0,2.217
2016-02-03 16:40:00,300,10,22.0,43.43,20.79,42.567,22.501,47.331,21.427,40.933,19.0,54.4,5.9,77.75,18.89,35.0,21.79,44.29,18.6,45.133,5.233,761.6,80.0,6.0,40.0,2.033
2016-02-03 17:20:00,230,30,21.89,44.363,20.7,43.327,23.373,46.407,21.5,41.2,18.963,54.602,5.763,76.9,18.79,35.0,21.79,43.989,18.5,44.363,5.333,762.067,80.0,5.333,40.0,2.1
2016-02-04 08:30:00,60,10,20.79,43.723,20.0,42.5,21.74,43.187,20.1,42.43,18.7,56.0,3.79,95.09,18.39,38.29,21.1,47.45,18.39,47.663,4.0,763.0,93.5,6.0,51.5,3.05
2016-02-04 10:10:00,40,0,20.79,44.657,19.857,42.633,21.39,42.411,20.533,41.327,18.6,54.138,4.69,96.4,18.22,37.52,20.76,45.025,18.29,45.933,4.6,761.667,96.0,7.833,56.167,4.0
2016-02-04 11:10:00,70,20,20.7,44.53,19.79,42.4,21.29,42.525,20.5,42.127,18.6,53.421,5.367,97.06,18.167,37.715,20.583,44.5,18.2,45.127,5.3,761.483,96.0,7.0,54.167,4.7
2016-02-04 13:10:00,300,20,21.033,45.623,20.357,43.23,22.745,45.46,20.5,43.097,18.6,52.7,8.257,98.66,18.2,39.617,20.29,45.438,18.2,45.23,8.0,761.333,94.167,5.5,28.167,7.067
2016-02-04 22:20:00,70,20,22.79,43.5,22.033,42.433,22.1,44.2,20.79,44.76,19.39,77.514,7.623,94.997,18.39,40.5,21.39,51.02,18.29,46.23,6.2,765.0,96.0,2.0,27.667,5.567
2016-02-05 01:50:00,40,0,22.0,44.29,21.2,43.59,21.914,44.29,20.7,45.9,19.0,68.132,7.433,97.16,18.5,41.5,21.1,54.863,18.29,48.433,7.25,764.867,98.667,1.833,33.0,7.017
2016-02-05 19:40:00,120,20,22.927,48.633,22.6,44.2,22.29,46.827,20.26,51.0,18.75,57.499,9.83,91.333,18.522,44.075,20.945,51.379,18.6,48.4,9.267,759.8,91.667,6.333,24.333,7.933
2016-02-06 09:20:00,20,0,21.0,45.79,20.427,43.9,22.23,45.157,19.39,46.59,18.6,54.96,8.39,90.167,18.55,42.209,20.6,53.973,19.0,50.663,8.3,753.533,85.333,6.333,40.0,5.9
2016-02-06 10:00:00,50,20,21.1,45.767,20.39,43.79,21.927,44.5,19.39,46.363,18.6,54.369,8.6,86.1,18.5,41.803,20.5,52.828,19.0,49.597,8.5,753.6,84.0,7.0,40.0,5.9
2016-02-06 18:50:00,70,10,21.79,44.193,20.823,43.663,21.39,43.767,19.5,45.933,19.2,55.989,9.463,71.763,18.79,40.2,20.775,46.102,18.79,45.863,10.167,746.3,72.333,6.167,40.0,5.35
2016-02-07 02:00:00,40,0,22.29,43.433,21.567,43.09,21.79,44.7,19.1,44.56,19.2,62.065,11.39,57.197,18.79,40.09,22.006,51.526,19.1,49.29,12.0,741.8,58.0,10.0,40.0,3.9
2016-02-07 02:20:00,40,0,22.2,43.433,21.5,43.2,21.823,44.73,19.1,44.59,19.2,61.745,10.933,61.467,18.79,40.096,22.1,51.876,19.1,49.4,11.533,741.567,62.0,9.333,40.0,4.367
2016-02-07 06:40:00,50,0,21.5,45.09,20.79,44.2,22.2,44.9,18.89,45.5,19.0,59.657,7.16,90.5,18.829,41.333,21.572,54.422,19.2,50.7,7.333,742.633,88.333,5.0,35.667,5.533
2016-02-07 11:50:00,100,0,21.2,44.93,20.39,42.7,21.6,43.76,18.79,43.7,19.1,62.414,8.367,70.76,18.7,38.46,21.089,48.728,19.2,45.76,7.6,745.583,75.0,8.667,38.167,3.4
2016-02-07 12:20:00,40,0,21.2,44.527,20.5,42.53,21.533,43.59,18.79,43.4,19.083,60.162,9.0,65.16,18.79,37.933,20.994,47.469,19.133,45.36,7.867,745.833,73.667,8.667,40.0,3.367
2016-02-07 22:20:00,70,30,22.29,42.0,21.5,41.06,21.7,43.06,21.1,40.827,18.89,52.682,7.19,67.267,18.908,35.255,21.807,40.927,18.89,40.9,7.733,745.367,69.667,11.667,40.0,2.533
2016-02-08 00:00:00,80,20,22.067,41.863,21.1,41.433,21.6,43.467,22.8,41.663,19.77,90.013,7.53,70.123,18.921,37.357,22.235,49.535,18.89,42.467,7.3,743.5,79.0,13.0,25.0,3.8
2016-02-08 08:00:00,80,10,20.89,44.363,20.1,44.0,21.7,44.29,19.667,44.297,18.89,60.429,7.627,95.397,18.862,39.682,21.39,52.565,19.1,49.03,8.6,738.4,81.0,9.0,28.0,5.5
2016-02-08 18:50:00,370,30,23.357,53.493,23.033,39.86,25.133,43.5,21.26,43.86,18.896,53.348,7.85,64.295,19.29,35.0,22.7,44.953,18.89,41.363,7.833,741.767,70.667,11.833,37.667,2.767
2016-02-09 07:00:00,50,0,21.5,42.7,20.89,41.663,23.1,43.06,20.2,42.7,20.1,46.535,5.933,77.967,19.0,38.0,21.5,50.0,19.1,47.09,6.4,741.5,80.0,8.0,27.0,3.1
2016-02-09 20:30:00,140,10,23.0,47.667,22.5,41.663,22.6,44.527,19.39,42.657,19.469,51.035,2.29,92.3,20.622,42.09,23.205,44.133,19.0,42.663,3.35,737.15,93.0,5.5,40.0,2.3
2016-02-10 02:00:00,60,0,22.0,41.9,21.2,40.45,22.65,43.345,19.0,40.9,19.29,50.876,2.9,92.3,19.89,40.7,22.79,47.19,19.0,44.9,3.2,738.9,89.0,7.0,40.0,1.5
2016-02-10 13:00:00,50,0,20.6,40.99,19.73,39.327,21.0,39.863,19.39,40.627,18.89,49.345,5.9,93.245,19.39,37.735,21.6,43.679,19.167,44.09,4.8,741.9,93.0,7.0,28.0,3.8
2016-02-10 19:40:00,100,10,20.963,47.263,20.6,43.1,21.0,42.9,19.125,45.695,20.325,84.329,5.19,93.19,19.89,37.367,23.0,44.974,19.0,41.76,4.867,745.7,92.333,2.333,40.333,3.733
2016-02-10 20:10:00,140,20,21.033,44.527,20.7,42.097,21.0,42.627,19.133,44.767,21.775,90.101,5.157,93.19,20.0,38.963,22.79,43.883,18.963,41.4,4.967,745.967,91.667,2.0,27.667,3.75
2016-02-10 21:30:00,130,0,21.39,43.467,21.125,41.372,21.0,42.2,19.2,45.09,20.974,93.423,4.69,93.0,20.1,39.287,23.329,44.205,18.89,41.618,4.8,746.55,95.0,2.5,22.0,4.0
2016-02-11 08:00:00,50,0,19.89,42.09,19.357,40.7,20.857,41.9,18.79,42.53,18.851,61.287,0.167,89.69,19.927,41.015,21.89,49.845,18.857,45.467,1.3,748.8,98.0,3.0,61.0,1.0
2016-02-12 03:40:00,60,0,21.29,41.2,20.5,40.5,21.39,42.5,19.79,41.79,18.89,55.614,0.7,89.19,20.072,40.426,22.5,49.848,18.667,44.79,1.533,746.767,94.333,2.333,48.667,0.733
2016-02-12 07:00:00,50,0,20.675,41.068,19.927,40.2,20.89,41.863,19.39,41.79,18.633,54.627,2.827,92.16,20.0,41.176,22.0,48.9,18.667,45.26,2.5,745.2,95.0,4.0,63.0,1.7
2016-02-12 08:20:00,50,0,20.6,41.79,19.79,40.2,20.79,41.467,19.29,40.73,18.6,53.96,2.7,92.123,19.661,38.891,21.79,47.331,18.7,44.363,2.5,744.767,92.333,4.667,23.0,1.4
2016-02-12 18:00:00,100,0,21.39,41.1,19.5,39.833,21.2,38.723,19.2,36.967,18.39,48.489,3.6,82.345,20.329,31.139,24.022,39.673,18.79,40.59,3.5,740.8,78.0,4.0,40.0,0.0
2016-02-12 21:20:00,90,20,22.1,37.59,20.5,37.933,21.5,38.56,19.1,38.06,20.235,86.057,3.0,86.433,19.506,31.061,23.77,39.269,18.6,38.09,2.2,741.3,84.0,1.667,40.0,-0.267
2016-02-13 00:30:00,60,0,21.39,38.29,19.5,38.7,21.0,39.4,19.823,39.5,20.072,78.169,1.567,84.3,19.5,34.06,22.921,43.888,18.5,40.127,1.2,741.55,89.5,1.5,25.0,-0.3
2016-02-13 12:20:00,100,10,20.033,44.063,18.29,41.957,21.633,39.633,18.5,39.067,18.5,51.246,4.53,85.633,18.65,33.95,21.617,43.454,18.29,39.2,2.933,734.5,92.0,5.0,64.0,1.767
2016-02-13 15:00:00,100,0,20.857,40.56,19.667,41.06,21.1,39.53,20.9,40.36,18.362,52.02,5.26,88.133,19.482,37.775,22.083,43.558,18.2,38.79,3.7,732.0,95.0,5.0,63.0,2.9
2016-02-13 19:30:00,90,10,22.133,43.997,20.39,41.99,21.463,41.027,19.6,42.323,18.24,51.567,4.19,91.333,19.1,35.645,22.6,42.225,18.0,38.5,3.5,731.1,96.0,4.5,64.5,2.9
2016-02-14 04:30:00,60,0,20.79,40.09,19.0,41.53,21.39,40.827,18.79,41.2,18.0,51.9,3.163,92.4,19.2,39.0,21.445,47.745,18.2,45.29,2.6,734.3,96.0,2.0,46.5,2.05
2016-02-14 04:40:00,50,0,20.79,40.09,19.0,41.59,21.39,40.79,18.79,41.2,18.0,51.9,3.09,92.467,19.2,38.983,21.39,47.755,18.2,45.327,2.567,734.333,95.667,2.0,49.667,1.967
2016-02-14 09:40:00,110,40,20.2,40.53,18.39,41.127,21.0,39.73,20.963,40.027,17.89,50.102,3.163,92.367,19.0,37.834,20.796,44.061,18.167,42.59,2.633,736.133,95.667,1.667,35.667,2.0
2016-02-14 15:00:00,100,20,21.5,41.0,19.79,41.027,20.823,41.157,19.29,37.79,17.801,49.483,4.263,88.09,19.2,36.173,21.77,43.672,17.823,38.963,3.3,739.1,89.0,3.0,64.0,1.6
2016-02-14 15:10:00,100,20,21.5,40.663,19.857,40.9,20.79,41.157,19.29,37.827,17.823,49.433,4.157,87.56,19.2,35.978,21.78,43.734,17.89,38.9,3.283,739.233,89.333,3.167,64.0,1.65
2016-02-14 21:10:00,110,10,21.0,41.398,19.29,42.463,20.463,41.967,19.2,40.867,20.074,83.038,3.09,85.0,19.517,35.157,22.29,40.919,17.5,37.56,2.2,744.633,87.667,5.667,26.667,0.3
2016-02-15 06:30:00,40,10,19.667,40.967,17.857,41.863,20.29,40.627,18.6,40.2,18.0,58.808,2.29,91.333,19.368,39.127,21.29,46.245,17.79,44.29,2.4,753.45,84.0,6.5,40.0,-0.05
2016-02-15 07:50:00,80,0,19.533,40.933,17.7,42.067,20.2,40.56,18.5,40.2,17.89,58.215,1.463,84.767,19.285,38.257,21.1,45.227,17.823,44.157,1.467,755.0,79.333,6.167,40.0,-1.683
2016-02-15 08:30:00,50,10,19.5,40.627,18.0,40.73,20.1,40.157,18.39,38.463,17.79,56.676,1.1,82.9,19.017,35.564,20.84,42.61,17.857,42.86,1.4,755.85,80.0,5.0,40.0,-1.7
2016-02-16 03:20:00,40,10,20.7,38.2,18.39,39.79,21.0,40.2,20.2,37.9,18.39,47.5,-2.4,81.76,18.89,32.5,21.2,42.7,18.0,40.7,-1.8,769.9,94.0,1.0,35.0,-2.6
2016-02-16 10:10:00,390,0,19.79,38.29,18.067,39.7,21.663,37.767,19.2,35.663,18.2,42.433,-1.0,85.727,18.29,29.89,20.2,38.03,17.79,37.595,0.2,772.217,96.5,1.167,61.5,-0.333
2016-02-16 22:10:00,70,0,22.1,34.433,20.29,35.5,20.89,36.127,20.633,33.193,20.633,78.93,-3.4,73.197,19.79,25.7,22.1,35.2,18.2,37.7,-1.55,769.517,83.333,1.0,24.5,-4.0
2016-02-16 23:20:00,60,0,21.857,34.7,19.79,35.127,20.5,36.663,20.1,34.333,19.7,62.397,-4.03,75.357,19.7,27.323,21.927,37.427,18.2,38.723,-2.2,768.867,86.0,1.0,36.0,-4.267
2016-02-17 07:40:00,70,10,20.0,34.89,17.5,35.933,20.39,37.833,18.7,34.06,18.2,46.767,-5.66,78.93,18.6,27.93,20.877,38.901,18.067,38.99,-4.367,763.633,89.667,1.0,63.333,-5.767
2016-02-17 08:00:00,60,0,20.0,35.0,17.5,36.133,20.226,37.179,18.7,33.767,18.29,44.13,-5.623,79.667,18.567,27.463,20.772,38.176,18.067,38.527,-4.4,763.4,91.0,1.0,63.0,-5.6
2016-02-17 08:30:00,60,0,19.963,35.333,17.463,36.363,20.14,36.798,19.53,34.43,18.2,43.227,-5.467,79.66,18.427,27.067,20.6,37.324,18.1,37.767,-3.65,763.1,90.0,2.0,63.5,-5.05
2016-02-17 19:30:00,80,0,21.1,34.23,19.667,34.26,20.29,35.0,18.89,34.5,17.586,43.09,0.567,71.357,19.2,27.167,22.0,35.527,18.0,39.09,0.5,756.25,90.0,1.5,61.5,-0.95
2016-02-18 00:10:00,60,0,20.927,35.627,19.1,36.9,19.89,36.912,18.6,35.79,18.85,42.46,-1.795,80.72,18.7,29.39,21.5,39.86,17.963,38.163,-0.25,755.333,90.167,3.0,61.833,-1.633
2016-02-18 02:20:00,50,0,20.5,35.627,18.39,37.29,20.0,37.4,18.29,35.5,18.6,40.9,-1.567,83.23,18.533,29.89,21.323,42.4,17.89,39.09,-0.333,755.067,86.667,4.667,63.0,-2.267
2016-02-18 19:50:00,90,0,20.5,36.567,19.1,36.09,20.1,36.5,18.39,36.327,17.2,43.457,2.663,74.397,17.5,29.79,20.39,37.29,17.39,35.29,1.783,756.983,93.833,2.167,43.0,0.9
2016-02-19 23:20:00,50,0,19.89,36.09,18.0,37.363,21.0,36.0,18.2,36.5,17.12,43.378,4.9,70.0,18.05,30.39,19.6,37.29,17.6,37.29,5.633,757.8,72.667,7.667,40.0,0.967
2016-02-20 04:10:00,50,0,19.29,37.863,17.6,39.433,20.5,37.4,17.79,37.827,17.04,44.798,5.5,89.59,17.89,33.06,19.5,44.967,17.633,41.36,5.55,754.617,93.5,9.833,64.333,4.617
2016-02-20 08:50:00,80,0,18.89,39.53,17.39,41.567,20.58,38.29,17.533,39.5,16.953,46.0,7.657,92.867,17.7,35.145,19.29,47.627,17.667,43.26,7.542,754.25,96.833,6.167,63.0,7.117
2016-02-20 12:20:00,70,0,21.15,40.545,20.23,40.863,20.89,39.378,17.89,44.327,17.6,56.883,9.763,92.867,17.7,39.06,20.39,47.7,17.7,44.09,9.2,755.033,91.667,5.667,29.0,7.933
2016-02-20 14:40:00,80,0,22.033,41.293,21.1,40.23,23.029,42.286,18.2,44.59,17.6,53.169,10.69,83.06,17.76,39.73,21.0,48.627,17.7,44.29,10.033,754.8,86.0,6.667,32.667,7.8
2016-02-20 17:10:00,90,0,22.667,39.967,21.823,39.7,22.06,40.156,18.39,46.663,17.7,52.277,9.69,91.66,17.79,40.9,21.29,49.43,17.79,44.2,9.6,753.95,92.333,8.167,43.5,8.367
2016-02-20 21:00:00,90,20,22.73,43.363,21.55,43.345,22.29,42.42,20.26,48.257,19.071,55.669,10.227,93.3,18.0,43.2,21.79,48.53,17.89,44.5,10.8,753.9,92.0,9.0,62.0,9.6
2016-02-21 01:10:00,50,0,21.6,43.29,20.29,43.59,21.89,42.0,22.033,43.26,18.319,54.726,10.19,92.8,18.1,41.863,21.39,52.7,18.0,45.26,10.4,755.2,92.0,9.833,63.667,9.117
2016-02-21 09:50:00,60,20,20.7,44.79,19.39,45.568,21.456,41.96,19.427,45.36,18.057,53.0,10.66,90.467,18.1,42.845,20.5,52.9,18.29,47.2,10.6,756.667,89.833,8.167,30.833,8.967
2016-02-21 10:00:00,170,30,20.7,44.79,19.39,45.59,21.39,41.986,19.567,45.693,18.04,52.98,10.8,90.167,18.1,43.0,20.5,52.9,18.29,47.26,10.6,756.7,90.0,8.0,29.0,9.0
2016-02-21 14:10:00,110,20,21.167,45.567,20.6,44.9,21.445,42.745,21.39,44.93,18.7,72.576,12.118,85.258,18.2,44.5,21.39,51.967,18.357,47.03,11.55,756.05,88.333,10.0,37.833,9.617
2016-02-21 17:10:00,180,20,21.5,46.3,20.633,44.827,21.5,43.2,21.6,45.467,18.6,58.824,12.39,80.24,18.29,44.9,22.1,48.9,18.39,46.863,12.05,754.967,84.0,11.0,40.0,9.367
2016-02-21 19:50:00,400,20,22.26,46.963,21.29,46.067,21.89,45.567,21.79,45.363,18.6,58.306,11.136,86.25,18.29,44.9,22.6,49.53,18.39,46.79,10.967,754.717,90.167,9.167,28.333,9.433
2016-02-21 23:50:00,40,30,22.2,44.663,20.89,44.5,21.89,44.163,22.357,45.467,18.6,56.9,10.6,80.851,18.5,43.627,22.0,51.73,18.463,46.76,10.467,753.883,83.333,9.0,40.0,7.717
2016-02-22 19:30:00,110,20,21.7,45.43,20.2,45.633,21.73,42.7,20.167,43.133,18.469,52.369,6.09,87.867,19.067,42.8,21.133,47.26,18.6,44.997,5.5,752.75,96.5,2.5,22.0,5.0
2016-02-22 21:20:00,110,20,21.79,43.56,20.472,44.268,21.6,42.4,21.463,43.1,20.456,83.374,5.69,88.0,19.533,41.03,22.0,46.4,18.5,44.293,5.233,753.3,97.0,1.0,50.0,4.8
2016-02-22 21:40:00,70,20,21.79,43.363,20.6,44.06,21.6,42.29,21.39,42.723,20.08,69.174,5.69,88.03,19.39,41.223,22.0,46.76,18.543,44.2,5.167,753.4,97.0,1.0,35.0,4.7
2016-02-23 02:30:00,60,0,21.1,43.5,19.567,44.327,21.76,42.5,21.39,41.7,19.2,51.29,4.19,87.59,19.29,43.29,21.5,49.933,18.529,45.564,3.85,753.8,96.0,1.5,25.0,3.25
2016-02-23 09:10:00,30,0,20.6,43.127,18.857,44.333,21.39,41.933,20.033,41.127,18.754,51.156,4.56,87.833,19.1,40.193,20.79,46.26,18.58,45.02,4.383,755.083,95.0,2.333,57.0,3.617
2016-02-23 09:40:00,390,0,20.5,42.827,18.89,43.86,21.29,41.56,20.493,41.59,18.7,51.026,5.09,87.833,19.0,39.327,20.73,45.7,18.5,44.022,4.933,755.333,92.0,3.333,39.0,3.667
2016-02-23 12:00:00,50,0,20.73,41.9,19.7,42.26,21.2,41.03,21.5,40.4,18.629,50.137,7.527,87.867,19.067,37.5,20.5,43.59,18.5,41.66,6.6,756.3,81.0,5.0,28.0,3.6
2016-02-23 12:30:00,50,0,21.0,43.467,19.79,42.16,21.133,40.79,21.663,40.5,18.629,49.954,8.1,88.227,19.2,37.145,20.5,43.2,18.5,41.4,6.75,756.4,80.5,5.0,26.5,3.65
2016-02-23 14:30:00,60,20,21.463,43.193,19.7,43.633,21.2,41.363,21.79,39.0,18.6,50.7,5.09,88.09,19.0,35.76,20.29,41.79,18.5,40.79,6.6,756.55,80.5,3.0,40.0,3.5
2016-02-23 18:00:00,280,20,21.0,40.4,19.1,41.06,21.0,40.09,21.6,38.53,18.5,49.4,4.26,87.563,18.89,34.663,20.2,40.6,18.39,39.7,5.1,758.5,85.0,2.0,40.0,2.8
2016-02-23 18:40:00,210,10,21.0,41.212,19.2,41.2,20.963,40.26,21.7,39.09,18.5,48.79,3.663,87.23,18.79,34.79,20.633,41.627,18.39,39.7,4.367,758.9,85.667,1.333,40.0,2.2
2016-02-23 19:20:00,120,10,21.2,41.86,19.427,42.627,21.1,40.4,21.427,38.433,18.5,49.0,2.223,84.957,18.79,34.863,20.823,41.53,18.29,39.59,3.733,759.3,88.333,1.0,40.0,2.0
2016-02-24 05:40:00,50,0,20.39,39.5,18.2,41.03,21.2,40.663,19.857,38.363,18.5,58.863,-2.03,81.76,19.0,38.9,20.23,45.73,18.29,44.251,-1.2,760.0,97.333,1.667,35.667,-1.6
2016-02-24 06:10:00,30,0,20.323,39.5,18.033,41.03,21.2,40.59,19.79,38.2,18.39,58.23,-2.0,81.693,19.0,38.9,20.2,45.7,18.29,44.4,-1.25,759.967,97.333,1.833,37.167,-1.633
2016-02-24 14:50:00,80,0,20.79,38.163,19.7,38.06,20.7,39.027,20.29,36.7,18.0,48.56,6.623,87.967,20.0,31.752,21.26,40.127,18.39,40.772,6.333,757.1,58.833,2.0,36.667,-1.183
2016-02-24 19:20:00,100,10,21.323,38.13,19.89,37.163,20.89,37.467,20.29,37.29,18.0,46.79,3.3,82.6,19.736,31.6,22.29,38.657,18.2,36.9,3.2,755.967,78.0,1.333,40.0,-0.267
2016-02-24 20:30:00,120,20,21.667,37.76,20.39,37.933,21.0,37.7,20.1,37.79,19.067,52.267,1.227,81.093,19.969,32.564,22.2,38.4,18.2,36.29,1.75,755.95,83.5,1.5,34.0,-0.75
2016-02-25 08:20:00,180,0,20.29,38.633,18.133,40.06,20.533,39.03,19.745,36.645,18.0,50.944,-0.033,84.76,19.2,35.169,20.857,41.86,18.067,40.96,0.1,756.2,93.333,1.0,59.333,-0.867
2016-02-25 20:50:00,100,20,21.79,38.267,20.7,38.23,21.79,37.29,22.2,36.59,19.146,85.071,2.9,75.73,19.361,32.293,21.89,37.5,18.0,36.2,1.883,757.283,89.833,1.0,57.667,0.3
2016-02-26 15:10:00,50,0,20.89,36.995,19.5,36.73,21.167,36.53,19.89,34.963,18.186,44.54,9.33,34.133,18.79,28.956,19.7,36.327,18.0,36.993,5.933,752.717,45.833,2.0,40.0,-4.917
2016-02-26 19:50:00,100,10,20.79,39.3,19.5,37.36,20.7,36.26,19.39,34.79,18.0,43.536,4.4,52.067,18.319,29.997,20.26,37.467,17.7,35.4,3.75,751.633,78.833,2.833,21.167,0.317
2016-02-27 00:40:00,50,0,20.857,37.223,19.2,36.967,20.5,37.09,19.7,35.2,19.39,67.24,1.323,64.657,18.7,34.806,20.6,42.863,17.7,38.657,2.033,750.733,81.0,2.667,21.333,-0.933
2016-02-27 01:50:00,40,0,20.6,36.79,18.79,37.127,20.5,37.26,19.5,35.2,19.029,61.653,1.7,63.565,18.79,35.239,20.39,44.69,17.7,39.595,2.2,750.517,77.333,3.833,22.833,-1.35
2016-02-27 07:40:00,40,0,19.667,36.633,17.7,37.7,20.5,37.5,18.84,35.068,18.2,53.29,-0.633,71.967,18.7,36.5,19.79,43.79,17.7,41.2,0.367,750.167,82.0,3.667,35.0,-2.4
2016-02-27 15:40:00,60,0,21.0,36.36,19.7,35.56,21.29,36.467,20.5,33.4,18.0,46.272,7.367,24.727,20.906,27.181,22.5,34.833,18.2,39.863,6.233,751.1,48.0,6.667,40.0,-4.1
2016-02-27 18:40:00,90,10,20.79,35.327,19.39,34.333,20.79,35.0,19.89,32.0,17.89,44.2,3.963,38.333,20.629,27.393,22.357,34.693,18.1,39.7,4.133,751.567,60.0,5.667,27.667,-3.0
2016-02-28 04:20:00,50,0,20.29,35.163,18.29,35.933,20.7,36.5,18.927,33.5,17.6,50.79,-0.333,58.53,19.543,34.0,21.39,41.23,18.0,39.79,0.1,754.567,76.0,5.0,25.333,-3.7
2016-02-29 15:40:00,390,0,21.7,33.797,19.6,33.9,22.663,36.233,19.79,31.7,17.1,47.5,6.5,24.067,22.567,24.73,22.927,30.6,18.5,38.4,6.1,762.333,45.667,5.333,40.0,-4.833
2016-02-29 23:20:00,40,20,21.89,34.827,19.6,36.79,21.39,35.29,22.26,33.163,19.033,40.933,-1.7,67.033,20.323,26.963,22.6,37.567,18.29,38.7,-1.267,763.733,90.667,1.667,62.667,-2.567
2016-03-01 01:50:00,20,0,21.29,36.157,18.76,37.59,20.963,35.26,21.26,34.163,18.79,40.29,-3.29,69.157,20.0,28.29,21.963,40.59,18.29,38.7,-2.367,763.05,96.0,1.0,37.5,-2.95
2016-03-01 04:30:00,20,0,20.7,35.7,18.1,37.245,21.0,35.7,20.033,33.827,18.5,40.09,-3.29,72.4,19.7,28.79,21.5,41.433,18.29,38.76,-3.0,762.35,96.5,2.0,32.0,-3.45
2016-03-01 10:50:00,60,10,20.0,38.527,18.245,36.845,20.29,35.0,19.39,33.0,17.7,43.09,4.367,68.797,18.89,28.5,20.29,36.827,18.2,38.267,2.967,759.25,82.0,6.0,64.333,0.133
2016-03-01 19:50:00,90,20,21.427,39.56,19.7,40.327,20.745,38.09,19.2,39.7,17.427,46.827,6.4,86.4,18.427,34.0,20.525,41.695,17.79,38.127,6.483,752.217,96.0,8.167,45.5,5.883
2016-03-01 20:30:00,110,20,21.5,38.967,19.7,39.9,20.823,38.127,19.927,40.333,18.53,45.0,6.8,86.53,18.39,34.56,20.79,42.627,17.79,38.5,6.9,751.85,96.0,8.0,53.0,6.3
2016-03-02 01:20:00,40,10,20.79,40.2,19.2,41.59,20.6,38.53,19.39,39.4,19.0,46.73,8.033,86.263,18.5,35.59,20.7,48.933,18.0,41.163,8.4,749.333,85.0,8.0,40.0,6.033
2016-03-02 14:40:00,70,0,21.29,37.09,20.29,35.863,20.65,37.4,20.73,35.23,18.133,45.53,8.83,47.29,19.7,30.533,21.2,37.663,18.5,41.9,7.967,743.1,66.0,9.333,32.667,1.867
2016-03-02 16:30:00,90,0,21.0,36.5,19.7,35.967,20.5,37.23,20.2,35.0,18.1,45.06,4.8,68.597,19.29,30.5,21.323,40.59,18.39,41.5,5.4,742.4,78.0,9.0,32.0,1.75
2016-03-03 13:20:00,430,20,20.7,38.28,19.7,37.59,20.2,37.9,22.125,36.734,17.986,45.0,7.169,74.917,19.5,31.361,20.89,38.226,18.5,41.9,6.667,748.1,74.0,6.0,40.0,2.267
2016-03-03 19:10:00,90,0,21.671,38.121,20.0,37.321,20.819,37.429,20.6,35.222,17.89,45.172,3.93,62.572,19.726,29.29,22.256,37.136,18.6,41.09,4.1,750.05,80.5,2.833,40.0,1.05
2016-03-04 00:40:00,60,0,22.1,36.806,20.157,37.226,20.768,37.9,19.79,35.29,18.972,52.631,1.834,78.271,19.071,31.5,21.437,42.4,18.5,39.539,3.033,747.333,83.333,3.667,36.333,0.4
2016-03-04 06:10:00,40,0,20.89,36.564,18.89,38.09,21.0,38.669,19.39,35.912,18.2,51.618,3.9,78.971,18.79,32.29,21.0,44.5,18.5,41.5,3.721,740.755,91.048,7.857,60.5,2.331
2016-03-04 18:00:00,90,0,21.0,37.869,19.86,37.048,22.517,36.645,19.1,35.29,18.133,45.933,5.796,63.836,19.2,30.79,20.71,38.29,18.6,38.215,6.1,739.3,76.0,1.0,23.0,2.2
2016-03-04 20:00:00,100,10,21.39,38.499,19.29,39.4,21.79,37.09,18.89,35.659,18.1,45.79,2.45,76.17,18.89,31.086,21.469,38.669,18.39,37.457,2.5,739.9,92.0,1.0,22.0,1.3
2016-03-05 06:10:00,40,0,20.167,37.2,17.357,40.5,20.7,37.627,18.6,36.29,18.29,43.4,1.6,79.19,18.39,32.467,20.79,43.2,18.39,41.4,0.7,740.567,96.833,1.0,44.333,0.267
2016-03-05 07:50:00,30,0,19.89,37.327,17.2,40.7,20.89,38.0,18.427,36.5,18.29,43.29,1.9,79.333,18.29,32.56,20.7,43.7,18.39,41.627,1.2,741.067,96.833,1.0,36.0,0.767
2016-03-05 12:30:00,70,0,19.7,36.29,17.7,38.467,20.2,35.7,18.323,36.26,18.567,55.863,6.218,62.67,18.1,30.76,21.357,40.433,18.2,37.29,4.25,742.2,87.0,1.5,58.5,2.25
2016-03-05 21:10:00,70,20,20.1,37.2,17.73,39.163,20.29,36.59,18.1,37.29,18.827,64.16,3.4,72.523,18.39,29.96,21.29,35.663,18.033,35.5,3.167,744.133,88.333,3.0,22.5,1.367
2016-03-06 01:30:00,50,0,19.463,37.663,17.26,39.967,20.1,37.4,17.79,37.09,18.39,55.79,3.4,74.19,18.29,32.0,20.89,41.145,18.0,39.127,3.3,744.7,93.0,5.0,33.5,2.25
2016-03-06 06:40:00,50,0,18.79,37.9,16.79,40.09,20.2,37.967,17.5,37.29,17.79,53.23,2.76,76.433,18.1,32.5,20.463,43.26,18.0,41.59,3.0,745.333,91.0,7.333,40.0,1.7
2016-03-06 10:10:00,50,0,18.7,39.55,16.79,41.163,19.927,37.5,18.567,37.723,17.6,50.597,3.09,75.19,17.89,32.4,20.2,43.03,18.0,41.03,2.867,746.55,95.0,6.0,20.333,2.067
2016-03-06 10:40:00,50,10,18.927,39.4,17.0,41.2,19.89,37.433,18.39,37.23,17.6,49.82,2.297,75.0,17.857,32.09,20.23,42.9,17.963,40.133,2.767,746.7,95.0,6.0,21.333,1.967
2016-03-06 11:40:00,60,0,19.133,39.0,17.533,40.76,19.89,37.4,20.795,37.175,17.5,48.863,3.163,75.03,17.79,31.963,20.29,41.963,17.89,39.133,3.167,746.8,93.667,6.0,34.0,2.233
2016-03-06 21:00:00,80,0,20.167,39.767,18.29,40.327,20.2,39.2,18.65,36.995,17.93,69.427,1.067,77.09,17.89,30.79,22.2,37.7,17.7,36.4,1.1,748.0,98.0,1.0,22.0,0.8
2016-03-07 02:10:00,50,0,19.7,37.2,17.29,39.827,20.033,38.827,19.633,36.79,17.567,60.693,0.367,76.433,17.79,31.79,21.067,45.03,17.6,38.73,0.433,747.567,97.0,1.167,61.833,0.017
2016-03-07 02:20:00,50,0,19.633,37.2,17.29,39.827,20.1,38.827,19.567,36.79,17.567,60.36,0.433,76.433,17.79,31.79,21.0,45.09,17.6,38.863,0.467,747.533,97.0,1.333,61.667,0.033
2016-03-07 13:00:00,70,0,20.6,41.623,19.26,39.49,22.1,40.033,18.26,35.467,17.39,50.163,4.493,75.59,17.79,30.823,19.7,37.79,17.6,36.7,4.0,748.9,73.0,5.0,40.0,-0.4
2016-03-08 06:20:00,50,0,19.7,38.06,17.2,41.0,21.067,37.663,19.2,36.2,18.1,43.0,-1.133,77.73,18.39,36.26,20.0,45.2,17.5,39.79,-0.533,755.7,99.667,1.333,15.0,-0.567
2016-03-08 16:10:00,50,0,20.0,39.627,18.79,38.0,20.29,37.433,19.0,33.9,17.7,52.9,9.257,76.3,18.823,29.033,19.89,36.0,17.79,39.59,6.667,756.95,62.167,3.833,40.0,-0.15
2016-03-08 17:30:00,40,0,19.89,38.693,18.357,37.663,20.2,37.127,18.857,33.26,17.6,49.527,8.067,76.733,18.7,28.29,19.79,35.09,17.7,38.79,6.45,756.75,62.0,3.0,40.0,-0.45
2016-03-08 18:00:00,100,0,19.89,38.29,18.125,37.645,20.1,36.76,18.79,33.2,17.6,48.767,7.53,77.397,18.6,28.39,19.857,35.723,17.7,37.833,5.9,756.8,66.0,3.0,40.0,0.0
2016-03-08 19:30:00,130,40,20.23,44.463,18.0,43.233,20.167,38.43,18.7,35.163,17.5,48.9,5.9,79.59,18.39,29.067,20.29,35.86,17.6,35.627,5.35,757.1,71.0,3.0,40.0,0.45
2016-03-08 21:50:00,100,0,21.1,38.933,18.667,41.26,20.39,37.933,20.633,34.767,18.927,46.433,5.06,78.397,18.39,31.93,20.79,37.59,17.463,35.26,4.65,755.783,74.167,4.0,40.0,0.383
2016-03-09 00:40:00,50,0,20.533,37.7,17.7,40.7,20.1,38.09,19.29,35.363,18.1,47.29,5.09,75.157,18.39,34.4,20.5,41.56,17.5,38.433,4.6,753.467,73.0,6.0,40.0,0.167
2016-03-09 10:00:00,70,0,19.463,38.4,16.323,42.93,20.033,37.03,19.567,35.663,17.6,48.463,5.433,51.1,18.1,31.857,19.39,39.03,17.7,40.463,5.0,744.7,65.0,8.0,40.0,-1.1
2016-03-09 13:40:00,90,0,19.427,36.59,16.79,40.0,19.89,37.09,18.7,34.4,17.39,43.2,6.998,47.07,17.89,31.167,19.1,38.23,17.7,37.433,7.033,744.167,63.667,9.667,40.0,0.5
2016-03-09 16:20:00,120,10,19.39,36.7,16.89,39.9,19.79,36.627,20.36,35.863,17.39,44.0,7.3,38.833,17.963,31.567,20.29,38.7,17.5,36.79,6.567,745.333,64.333,5.333,40.0,0.233
2016-03-09 17:20:00,100,0,19.427,36.73,17.1,40.03,19.79,36.59,21.9,35.03,17.39,43.5,6.727,37.193,17.89,31.1,20.667,38.4,17.5,36.59,6.367,745.867,63.333,4.333,40.0,-0.167
2016-03-10 00:40:00,60,20,20.6,36.933,17.89,39.933,20.1,37.4,21.067,35.797,18.2,56.097,5.123,48.227,18.2,34.23,20.5,42.6,17.29,37.195,3.233,751.1,79.333,1.333,24.0,0.0
2016-03-10 07:30:00,50,0,19.5,37.2,16.29,41.163,20.2,37.345,19.567,35.23,17.7,48.89,-0.367,61.79,18.39,36.333,19.84,43.495,17.39,40.2,-0.4,756.05,91.5,1.0,62.5,-1.65
2016-03-10 10:00:00,210,0,19.5,38.0,18.96,39.1,19.89,36.967,20.533,36.09,18.0,42.863,4.733,61.027,18.29,33.933,19.567,41.363,17.7,38.845,4.1,757.6,77.0,1.0,64.0,0.4
2016-03-10 18:50:00,120,0,21.633,46.893,19.6,41.76,20.96,40.06,21.5,35.027,17.79,45.197,7.133,26.5,20.633,33.497,22.667,36.363,18.133,40.2,6.967,760.583,66.667,1.833,58.0,1.1
2016-03-11 07:20:00,50,0,20.2,36.463,16.55,41.827,20.427,37.59,19.7,34.09,17.79,49.567,-0.85,69.39,19.39,36.223,20.79,43.067,18.2,41.23,-0.7,764.3,93.667,1.0,17.0,-1.6
2016-03-11 08:00:00,280,0,20.2,37.463,16.6,42.767,20.39,37.5,19.7,34.633,18.067,46.193,-0.867,70.06,19.29,35.06,20.7,41.767,18.2,40.9,-0.5,764.5,95.0,1.0,13.0,-1.2
2016-03-11 20:20:00,140,0,21.23,35.5,19.5,37.0,20.29,35.4,20.1,33.933,17.79,45.2,5.263,37.49,20.667,27.667,22.79,35.59,18.525,39.09,6.533,765.8,72.333,2.0,64.0,1.8
2016-03-11 21:10:00,90,10,21.567,35.4,19.6,37.0,20.39,35.59,19.963,33.363,17.79,45.29,4.493,39.263,20.427,27.927,22.7,34.76,18.5,39.2,5.833,766.05,74.5,2.0,62.0,1.533
2016-03-12 03:30:00,50,0,20.39,36.9,17.29,40.863,20.2,37.045,19.39,34.79,18.7,41.59,1.5,67.767,19.7,30.823,21.6,44.7,18.5,40.29,1.65,766.5,90.0,2.0,38.5,0.15
2016-03-12 10:10:00,70,10,19.79,36.767,18.89,36.923,19.823,35.933,20.39,35.09,18.05,44.745,4.127,73.897,19.1,30.357,21.2,42.863,18.7,39.2,3.683,767.5,93.167,1.0,33.167,2.65
2016-03-12 13:20:00,210,10,20.26,38.633,19.76,34.127,19.76,35.7,20.79,33.7,17.89,43.69,8.763,30.833,20.76,28.73,23.79,38.4,18.7,39.59,8.6,767.2,63.667,3.0,50.0,2.0
2016-03-12 15:40:00,90,10,20.667,31.93,19.2,30.963,19.6,33.157,20.7,33.29,18.5,67.06,9.927,20.367,22.323,26.76,25.0,34.223,19.23,38.967,9.633,766.733,53.667,3.333,20.667,0.633
2016-03-12 19:50:00,350,10,21.133,35.99,19.567,35.4,20.2,34.53,20.1,33.0,18.29,43.627,4.53,33.867,21.5,26.39,24.7,34.245,18.89,38.9,5.383,767.35,75.333,2.167,61.333,1.267
2016-03-12 22:20:00,100,0,21.7,36.29,19.29,38.9,20.29,36.475,20.1,35.56,19.567,43.323,2.59,57.467,20.79,28.29,23.76,33.0,19.0,38.9,3.433,767.9,83.667,3.0,59.0,0.833
2016-03-12 23:40:00,40,0,21.5,36.0,18.79,38.79,20.167,36.4,19.945,35.318,19.1,45.927,1.5,59.697,20.79,29.93,23.6,36.123,18.89,38.933,1.767,768.167,87.0,2.333,57.0,-0.167
2016-03-13 02:40:00,60,0,20.89,35.59,17.567,39.53,20.2,36.56,19.6,34.7,18.39,48.9,-0.1,67.757,20.7,32.79,22.89,39.4,18.963,39.76,0.533,768.333,88.667,1.0,47.0,-1.2
2016-03-13 02:50:00,50,0,20.857,35.56,17.5,39.59,20.2,36.627,19.6,34.645,18.39,48.9,-0.1,68.23,20.7,32.79,22.89,39.4,18.927,39.79,0.517,768.367,88.833,1.0,46.5,-1.2
2016-03-13 03:20:00,50,0,20.79,35.5,17.29,39.7,20.2,36.76,19.6,34.59,18.29,49.0,-0.1,69.157,20.7,33.23,22.79,39.29,18.89,39.9,0.133,768.333,90.0,1.333,42.0,-1.367
2016-03-13 07:20:00,60,0,20.1,35.09,16.39,40.09,20.1,37.0,19.2,34.09,18.0,49.0,-1.0,71.03,20.5,33.967,22.2,39.29,18.963,40.663,-0.933,769.333,94.0,2.667,43.667,-1.833
2016-03-13 08:10:00,70,0,19.963,35.127,16.463,40.127,20.0,36.4,19.26,34.967,17.89,49.0,-0.733,71.23,20.39,34.06,22.1,39.59,19.0,40.7,-0.467,769.65,93.333,4.0,48.833,-1.45
2016-03-13 10:30:00,130,0,20.1,37.827,19.93,36.59,20.0,36.23,20.7,35.29,17.89,45.99,3.5,55.293,20.26,31.99,22.067,37.463,19.2,39.0,3.5,769.7,74.5,6.5,43.0,-0.7
2016-03-13 13:50:00,70,0,21.323,35.2,20.5,34.09,20.29,36.0,21.0,33.827,17.963,45.53,8.567,27.893,21.927,28.1,24.1,33.663,19.2,38.59,8.65,769.217,59.667,6.0,23.5,1.2
2016-03-13 19:40:00,80,0,22.1,35.53,19.73,37.29,20.857,36.223,20.7,34.5,18.427,45.693,5.73,36.393,22.39,29.633,24.5,32.967,19.5,38.06,6.067,768.767,73.333,3.667,23.0,1.567
2016-03-14 00:30:00,20,0,21.133,35.467,18.1,39.0,20.323,36.9,19.89,34.2,18.7,52.627,2.363,60.83,21.6,32.9,23.31,39.34,19.29,38.59,2.3,769.15,87.5,2.0,63.5,0.4
2016-03-14 01:40:00,40,0,20.89,35.4,17.76,39.163,20.29,36.9,19.76,34.2,18.6,51.29,1.199,63.818,21.6,33.663,23.069,39.748,19.29,39.03,1.767,768.9,88.333,2.333,63.0,0.0
2016-03-14 12:50:00,230,0,21.067,38.79,21.0,35.86,21.533,36.363,21.0,34.767,18.1,46.333,6.275,34.648,21.357,27.427,21.7,32.127,19.39,38.7,4.65,768.433,70.5,6.0,23.333,-0.283
2016-03-14 13:40:00,240,0,21.533,37.057,20.79,35.697,22.46,39.433,21.0,33.767,18.1,46.79,5.69,32.233,21.927,26.827,22.0,32.223,19.533,38.26,5.3,768.0,64.333,6.667,26.0,-0.967
2016-03-14 16:00:00,240,10,22.1,34.43,20.1,33.36,23.633,35.89,20.963,32.26,18.1,43.9,7.367,25.867,23.1,25.29,22.5,30.34,19.7,37.7,7.6,767.0,57.0,6.0,26.0,-0.5
2016-03-15 03:00:00,50,0,21.39,35.5,17.633,40.53,21.667,35.2,20.29,33.76,19.6,40.29,-0.267,50.93,20.79,27.29,22.1,39.627,19.39,38.29,0.2,766.2,83.0,2.0,65.0,-2.4
2016-03-15 07:10:00,330,0,20.7,35.53,16.79,42.127,21.667,35.697,19.633,33.127,19.29,40.433,-1.9,62.727,20.323,27.79,21.7,39.567,19.39,39.09,-1.0,766.0,90.333,2.0,60.167,-2.367
2016-03-15 08:10:00,60,0,20.633,35.267,16.73,40.43,21.29,34.967,19.6,32.663,19.033,42.4,-0.733,65.297,20.1,26.6,21.39,37.133,19.463,38.433,-0.25,766.0,91.167,2.0,61.167,-1.583
2016-03-15 23:00:00,60,30,21.55,41.45,19.0,45.467,20.89,38.9,20.79,37.2,18.89,47.09,5.333,57.36,20.79,29.29,23.1,39.157,19.6,38.29,4.9,764.7,88.0,3.0,61.0,3.0
2016-03-16 01:00:00,30,20,21.323,41.29,18.357,46.79,20.79,38.5,21.2,37.2,18.7,47.5,4.272,69.068,20.7,29.89,22.7,42.827,19.6,38.663,4.4,764.5,93.0,3.0,55.0,3.3
2016-03-16 05:40:00,50,0,20.6,40.29,17.39,46.5,21.0,38.29,20.29,35.56,18.5,47.29,2.723,70.423,20.29,30.2,22.1,41.4,19.5,39.29,2.7,764.367,92.333,2.333,44.0,1.6
2016-03-16 07:30:00,350,0,20.39,39.9,17.1,46.23,20.79,38.127,20.0,36.0,18.39,47.163,2.967,71.833,20.2,30.29,21.927,41.657,19.5,39.645,2.35,764.6,93.5,4.0,47.5,1.4
2016-03-16 12:10:00,90,0,21.1,40.027,21.445,37.145,21.865,38.092,21.5,35.733,18.6,46.223,7.897,20.797,20.39,26.963,21.567,36.657,19.79,39.29,7.017,764.8,56.333,8.833,29.0,-1.133
2016-03-16 14:50:00,270,30,21.39,40.463,20.5,38.063,22.567,39.723,21.5,34.29,18.7,44.363,10.463,12.167,20.76,25.23,22.76,34.9,19.7,37.5,8.35,764.233,49.0,8.0,26.167,-1.8
2016-03-16 17:40:00,420,10,21.29,34.4,19.5,33.333,23.2,34.76,21.633,31.133,18.7,42.0,8.96,13.8,20.7,24.445,23.29,33.53,19.7,37.7,7.267,764.367,54.0,7.667,25.667,-1.533
2016-03-17 14:30:00,60,0,22.7,33.56,21.39,33.2,21.533,34.7,21.89,32.29,18.533,41.2,10.3,17.4,22.033,24.79,23.445,31.245,20.0,37.09,9.8,765.25,52.0,4.5,24.0,0.3
2016-03-17 21:10:00,110,20,22.89,34.163,20.2,36.09,21.79,35.0,22.43,33.43,19.0,55.563,4.123,40.2,21.29,25.0,23.427,30.927,19.89,35.663,4.317,764.417,77.167,2.833,63.667,0.617
2016-03-18 02:00:00,40,0,22.29,35.29,18.823,38.73,21.39,35.5,22.0,32.79,18.823,60.133,1.827,63.223,20.7,27.79,22.6,40.9,19.79,37.7,1.3,763.9,91.0,2.0,55.0,0.0
2016-03-18 03:00:00,50,0,22.1,35.29,18.567,39.127,21.6,35.627,21.7,32.9,18.79,58.097,1.768,67.545,20.6,28.0,22.5,41.09,19.823,37.933,1.3,763.7,91.0,2.0,45.0,0.0
2016-03-18 05:10:00,50,0,21.6,35.2,18.1,39.79,21.6,36.0,21.29,33.2,18.6,55.4,1.29,71.59,20.39,28.39,22.29,40.76,19.79,38.5,0.2,763.0,96.667,1.333,11.833,-0.3
2016-03-18 10:00:00,40,0,21.1,35.79,17.79,39.76,21.23,35.433,20.7,33.433,18.73,58.793,3.79,73.427,19.89,28.857,21.633,37.03,19.7,36.76,2.5,763.6,98.0,3.0,10.0,2.2
2016-03-18 13:10:00,60,0,20.89,36.0,18.2,39.06,21.0,35.4,20.5,33.29,18.5,49.567,6.293,52.133,19.7,28.963,21.2,36.0,19.5,35.29,5.367,763.217,79.667,2.0,54.667,2.1
2016-03-19 11:20:00,650,0,20.89,36.7,18.29,39.663,21.2,36.0,19.6,34.4,18.29,44.79,7.23,43.567,19.29,30.1,21.667,40.127,19.5,37.9,5.7,762.733,77.333,3.333,50.0,1.933
2016-03-20 00:10:00,60,0,22.0,36.0,19.39,38.363,21.823,35.567,20.7,34.79,18.5,43.9,5.8,48.097,19.29,30.39,22.5,40.433,19.39,37.695,5.117,762.467,83.667,3.0,23.833,2.567
2016-03-20 01:20:00,60,0,21.73,36.09,19.1,38.79,22.0,35.79,20.5,34.9,18.5,44.26,5.69,49.26,19.29,30.6,22.323,41.967,19.39,38.723,5.233,762.3,81.333,3.0,23.0,2.3
2016-03-20 07:40:00,60,0,20.79,36.29,18.0,39.627,22.0,36.7,20.0,34.5,18.39,45.23,5.433,45.86,19.2,30.5,21.79,41.527,19.5,40.29,4.933,761.8,80.333,2.667,34.667,1.767
2016-03-20 08:10:00,110,0,20.7,36.457,18.0,39.7,22.0,36.7,19.89,34.467,19.93,82.767,5.5,46.26,19.167,30.6,21.79,41.79,19.5,40.627,5.017,761.85,81.0,3.167,20.167,1.933
2016-03-20 10:50:00,130,0,20.963,39.467,18.533,39.23,21.6,35.43,19.79,33.9,18.79,56.233,7.263,40.86,19.0,30.2,22.033,37.127,19.357,37.627,5.767,762.05,79.667,2.167,28.0,2.517
2016-03-20 13:10:00,120,0,21.6,37.36,19.963,38.567,23.357,38.133,19.7,34.2,18.79,48.933,9.133,35.823,19.0,30.667,22.927,37.56,19.29,37.0,6.733,761.5,74.333,3.167,40.0,2.417
2016-03-20 14:50:00,80,0,22.23,36.39,20.815,37.172,22.7,36.193,19.7,33.963,18.79,47.03,8.5,31.43,19.0,30.23,23.29,37.467,19.5,39.2,6.9,761.167,72.667,4.0,40.0,2.333
2016-03-20 20:40:00,110,10,23.1,36.863,20.5,39.257,22.5,36.09,20.323,38.157,20.79,45.097,5.833,57.427,19.167,31.323,23.89,37.76,19.39,36.59,5.567,761.367,89.333,3.0,21.333,3.967
2016-03-21 07:10:00,50,0,21.2,38.223,18.2,42.627,22.0,36.59,19.6,37.363,19.26,46.333,5.657,71.627,19.2,32.53,22.6,43.89,19.7,41.433,5.567,761.133,96.667,3.0,61.333,5.017
2016-03-21 11:40:00,60,0,21.29,37.657,19.323,39.53,21.79,36.76,20.39,37.4,19.34,43.2,9.567,30.067,19.29,31.927,22.0,39.03,19.6,38.59,8.333,761.8,68.333,3.667,40.0,2.733
2016-03-21 16:00:00,60,0,21.2,35.5,19.6,36.59,21.7,35.29,20.0,35.163,19.2,41.2,11.933,18.8,19.29,30.39,21.5,36.9,19.427,36.157,9.5,760.4,62.0,2.0,28.0,2.5
2016-03-21 18:40:00,560,30,21.357,36.09,19.567,37.163,21.633,35.03,21.39,36.127,19.1,41.127,9.36,30.133,19.29,32.333,21.26,37.1,19.29,36.0,8.333,760.067,71.667,2.0,36.333,3.467
2016-03-22 10:00:00,50,0,21.2,38.2,21.46,38.49,21.857,36.56,21.567,36.09,19.0,46.5,7.1,57.633,19.6,34.663,21.39,40.26,19.73,38.29,7.9,758.1,70.0,2.0,23.0,2.8
2016-03-22 19:30:00,120,10,22.5,44.697,20.89,40.59,22.29,38.26,21.2,34.663,19.2,45.53,8.627,35.093,19.6,32.23,23.033,37.9,19.79,39.29,7.55,756.1,78.5,3.5,26.0,3.95
2016-03-22 20:40:00,130,20,22.79,39.693,21.167,40.097,22.6,37.967,21.5,38.067,20.727,72.967,7.123,50.697,19.6,33.43,23.29,38.863,19.79,38.663,6.167,756.167,83.667,1.667,23.0,3.6
2016-03-23 05:30:00,50,0,21.7,38.76,18.89,42.56,22.39,38.2,20.6,36.79,20.2,42.2,5.69,67.325,20.0,37.76,22.5,44.0,19.79,41.7,5.25,755.8,95.0,2.0,33.5,4.55
2016-03-23 10:20:00,80,0,21.76,41.2,19.39,46.263,22.1,38.23,21.2,39.157,19.89,48.59,9.257,55.097,20.0,36.79,21.89,42.09,19.7,40.59,7.633,756.133,87.0,3.333,50.667,5.567
2016-03-23 17:30:00,90,10,21.23,37.23,19.133,39.26,21.7,37.2,20.6,37.5,19.5,43.9,9.69,41.463,20.0,36.663,23.23,41.163,19.567,38.09,8.8,755.85,79.0,5.0,40.0,5.35
2016-03-24 14:20:00,60,0,21.1,39.29,19.567,40.9,21.89,37.5,20.79,36.29,19.29,46.5,12.427,18.83,20.133,34.2,21.6,39.79,19.39,38.2,9.5,756.333,61.0,4.667,64.667,2.333
2016-03-24 16:20:00,130,0,21.0,39.0,19.6,40.433,21.79,37.4,20.6,36.4,19.29,46.0,11.95,20.195,20.1,33.933,21.73,40.567,19.39,37.79,9.3,756.133,66.0,4.0,49.667,3.2
2016-03-24 18:10:00,160,0,21.0,38.827,19.23,40.23,21.6,37.2,20.6,36.9,19.29,45.163,9.6,33.697,19.963,34.327,22.533,40.863,19.29,37.245,8.433,756.217,75.5,4.0,24.667,4.25
2016-03-24 21:40:00,90,0,22.29,39.5,20.6,40.7,22.23,37.933,20.7,38.79,20.667,78.497,7.263,54.893,20.463,37.29,22.633,42.267,19.1,37.7,6.6,756.2,92.0,2.667,47.333,5.333
2016-03-25 19:30:00,110,10,23.5,48.233,21.1,43.595,25.6,38.23,20.567,43.03,19.7,47.39,6.268,54.092,21.567,34.6,23.29,39.5,19.79,39.498,7.8,758.3,72.0,1.5,40.0,3.0
2016-03-25 20:50:00,110,0,23.6,40.79,21.1,43.333,24.5,37.933,20.567,39.99,19.7,48.433,4.03,61.93,21.033,32.767,23.567,39.327,19.7,38.663,5.667,759.0,83.333,1.0,30.833,2.983
2016-03-26 04:40:00,50,0,22.0,37.4,18.29,42.59,23.26,37.56,20.29,39.59,19.5,46.857,1.641,68.953,20.79,37.215,22.488,42.798,19.79,42.2,3.067,757.767,88.0,2.667,23.333,1.267
2016-03-26 09:30:00,60,0,21.39,39.2,18.5,44.223,22.89,37.06,20.1,39.9,19.39,46.863,7.66,73.03,20.7,39.133,22.1,44.29,19.79,42.06,7.65,756.6,88.5,8.0,22.0,5.85
2016-03-26 16:20:00,90,0,22.0,41.833,20.89,42.29,23.357,38.29,20.23,40.79,19.89,51.863,14.963,36.333,21.1,37.127,22.7,40.897,20.0,42.127,13.1,752.5,73.0,7.333,40.0,8.267
2016-03-27 04:00:00,60,0,22.79,39.79,20.0,43.327,23.323,39.56,19.89,41.09,20.2,51.2,7.53,72.0,21.0,40.56,23.29,49.633,19.963,43.363,7.0,748.8,97.0,2.0,64.0,6.6
2016-03-27 20:10:00,80,0,22.5,37.5,20.39,40.03,22.79,37.09,20.7,39.29,20.1,45.9,8.533,49.1,21.39,32.863,24.1,37.863,20.26,38.79,8.933,750.1,71.5,6.833,40.0,4.033
2016-03-27 22:30:00,80,0,22.2,38.29,19.76,40.933,22.89,38.045,20.5,39.627,20.1,46.933,8.145,49.345,21.39,36.23,23.7,38.127,20.29,40.23,8.35,749.4,77.5,6.5,40.0,4.65
2016-03-27 22:50:00,90,0,22.1,38.29,19.7,41.127,22.89,38.2,20.39,39.5,20.067,47.06,8.227,48.223,21.39,36.627,23.79,38.657,20.26,40.59,8.25,749.2,77.167,6.167,40.0,4.483
2016-03-28 14:30:00,280,0,23.23,39.06,22.6,37.567,23.857,41.657,21.427,39.433,20.1,45.163,13.16,30.1,21.963,33.06,23.2,37.157,20.5,42.56,10.7,742.35,64.0,11.0,40.0,4.1
2016-03-29 03:20:00,40,0,22.39,37.7,19.29,41.9,23.39,38.79,20.39,38.59,20.0,46.0,5.906,62.048,21.067,33.76,23.106,42.833,20.6,43.2,5.967,747.3,85.0,7.667,40.0,3.567
2016-03-29 05:00:00,80,0,22.2,37.73,19.2,41.9,23.323,38.79,20.29,38.59,20.0,46.09,5.369,58.389,21.0,33.7,23.0,42.621,20.6,43.627,5.6,747.9,87.0,9.0,40.0,3.5
2016-03-29 17:10:00,320,20,22.445,40.895,21.2,38.495,22.79,37.9,21.463,38.767,20.2,49.89,13.367,12.16,21.7,31.133,24.79,40.297,20.6,40.0,11.767,751.383,59.667,6.0,30.0,4.05
2016-03-30 06:50:00,70,0,21.5,40.4,18.963,44.2,22.6,38.4,20.857,39.663,19.927,47.2,7.433,49.727,20.79,34.0,23.39,44.467,20.39,42.363,7.55,751.25,85.667,3.0,40.0,5.217
2016-03-30 08:50:00,100,0,21.5,40.5,19.133,44.163,22.5,38.29,20.79,39.59,20.1,48.2,9.323,40.123,20.89,36.73,23.2,41.79,20.5,43.823,7.75,752.017,79.667,4.0,40.0,4.45
2016-03-30 09:50:00,120,0,21.5,41.067,19.76,44.193,22.39,38.09,20.76,39.127,20.0,48.29,10.933,31.533,20.79,35.345,23.2,41.5,20.5,42.06,8.217,752.433,74.833,4.833,40.0,3.983
2016-03-30 18:20:00,120,0,22.0,38.9,21.167,37.5,22.5,37.29,21.29,38.26,20.1,43.7,11.533,16.43,20.7,31.29,23.722,36.87,20.29,36.967,10.633,753.133,65.0,2.0,40.0,4.267
2016-03-31 01:20:00,50,0,22.2,39.09,19.6,42.03,22.73,38.79,20.927,39.7,20.033,49.03,6.8,60.163,20.6,34.327,23.6,46.09,20.29,41.23,6.233,754.233,96.333,1.0,48.333,5.667
2016-03-31 20:30:00,120,0,22.533,39.967,20.89,41.433,22.167,38.5,20.7,41.5,20.0,48.03,6.3,68.433,20.2,33.9,24.76,39.29,19.89,38.5,7.3,755.1,87.5,3.0,23.0,5.3
2016-04-01 00:50:00,50,0,22.29,39.2,19.7,41.59,22.39,38.827,20.29,39.79,19.79,49.0,6.245,64.245,20.29,34.29,24.0,44.567,20.1,42.2,6.333,757.167,88.833,4.167,64.167,4.6
2016-04-01 01:20:00,20,0,22.133,39.09,19.5,41.59,22.463,38.863,20.29,39.79,19.79,49.0,6.23,61.823,20.2,34.2,23.927,45.693,20.1,42.4,6.233,757.433,89.0,4.0,64.0,4.533
2016-04-01 14:50:00,60,0,22.39,38.56,22.633,36.59,22.357,37.9,21.133,37.2,19.7,46.2,13.6,26.027,21.2,32.09,22.79,39.29,20.5,41.2,10.717,760.7,57.5,2.833,38.167,2.533
2016-04-01 19:40:00,40,0,22.0,38.09,20.2,39.127,22.39,37.5,20.7,37.545,19.6,45.59,9.763,43.533,20.7,32.7,22.29,39.29,20.29,38.09,9.533,759.6,69.0,1.0,40.0,4.0
2016-04-02 00:30:00,40,0,21.5,38.7,19.2,41.73,22.2,37.29,20.29,38.09,19.5,45.627,8.1,53.193,20.29,33.5,21.79,39.5,20.0,37.7,8.25,759.5,78.5,2.5,34.5,4.65
2016-04-02 12:40:00,50,0,21.0,39.5,19.963,40.73,21.79,37.4,19.823,38.23,19.39,44.79,13.827,17.067,20.1,33.79,21.1,39.59,19.7,37.7,9.333,757.467,70.333,2.0,27.0,4.1
2016-04-02 13:40:00,70,0,21.1,39.59,20.29,40.03,21.89,37.5,19.89,38.2,19.39,44.7,14.8,16.193,20.1,33.827,21.0,39.59,19.7,37.79,9.733,757.033,69.667,2.0,27.333,4.433
2016-04-02 15:40:00,60,0,21.1,39.9,20.5,39.7,21.79,37.663,20.0,38.76,19.463,44.93,14.6,18.097,20.29,34.327,21.39,39.79,19.73,38.327,10.733,755.633,73.0,2.667,22.0,6.033
2016-04-02 17:30:00,60,0,21.167,40.03,20.133,40.56,21.79,37.79,19.89,38.827,19.39,45.0,14.09,23.16,20.2,34.933,21.39,40.2,19.76,38.7,11.8,754.1,74.5,3.0,21.0,7.35
2016-04-02 23:40:00,60,0,20.927,41.59,19.1,44.127,21.5,38.79,19.7,40.59,19.29,45.79,13.19,44.2,20.0,36.7,21.29,42.4,19.533,40.53,13.733,752.6,72.667,6.333,27.333,8.867
2016-04-03 00:20:00,50,0,20.89,41.79,19.1,44.4,21.5,38.827,19.7,40.79,19.29,45.827,13.0,46.8,20.0,36.9,21.29,42.59,19.567,40.73,13.833,752.4,73.333,7.0,27.667,9.1
2016-04-03 01:00:00,60,0,20.89,42.0,19.1,44.59,21.6,39.0,19.7,41.0,19.29,45.9,13.0,47.433,20.0,37.09,21.29,42.79,19.5,40.95,13.9,752.2,74.0,7.0,29.0,9.3
2016-04-03 15:10:00,80,0,22.7,42.5,23.26,39.2,22.6,40.76,21.6,42.0,19.6,48.29,20.1,13.63,22.2,37.863,23.6,45.663,20.2,43.4,19.017,750.95,51.5,3.833,40.0,8.65
2016-04-03 19:40:00,80,0,22.29,44.0,21.857,43.09,22.7,41.433,21.29,44.933,19.79,49.2,16.667,25.93,21.39,40.76,24.29,47.163,20.29,44.7,17.3,749.3,64.667,2.0,40.0,10.5
2016-04-04 18:30:00,140,10,23.6,49.23,22.1,48.56,25.6,40.433,22.1,44.333,21.29,51.027,14.86,19.323,21.823,37.327,24.89,42.627,20.79,43.327,12.7,749.05,75.0,5.5,40.0,8.35
2016-04-04 20:00:00,90,0,23.39,45.967,21.6,47.2,24.89,40.79,22.0,44.627,21.2,58.193,11.257,32.593,21.633,37.73,24.7,42.03,20.7,43.56,12.6,748.9,73.0,1.0,40.0,7.8
2016-04-04 23:20:00,60,0,22.7,44.5,20.427,46.933,24.5,40.4,21.6,43.467,21.427,76.127,9.6,47.03,21.7,40.5,24.39,46.56,20.79,45.03,9.767,749.033,88.0,1.0,35.667,7.867
2016-04-05 00:50:00,60,0,22.5,44.09,20.1,47.127,24.7,40.933,21.5,43.0,21.2,65.23,9.463,49.79,21.7,40.7,24.2,47.59,20.79,45.467,8.85,748.9,92.0,1.0,22.833,7.633
2016-04-05 04:00:00,60,0,22.2,43.7,19.7,47.5,24.7,41.0,21.29,42.7,20.89,58.163,9.8,54.193,21.79,41.967,23.79,48.2,20.79,46.2,10.3,748.9,84.0,1.0,40.0,7.6
2016-04-05 23:10:00,60,10,22.79,41.2,19.927,45.4,24.39,38.79,21.2,41.4,21.0,54.5,6.333,50.527,21.7,35.29,23.323,40.09,20.79,41.86,7.9,754.033,84.667,3.0,40.0,5.5
2016-04-06 00:00:00,50,0,22.633,41.03,19.6,45.545,24.29,38.79,21.167,41.2,20.963,53.76,6.06,53.5,21.667,35.467,23.2,40.06,20.79,43.327,7.4,754.2,88.0,3.0,40.0,5.5
2016-04-06 00:10:00,50,0,22.6,41.0,19.567,45.627,24.23,38.73,21.1,41.2,20.89,53.627,5.933,53.76,21.6,35.5,23.167,40.09,20.79,43.467,7.317,754.217,88.667,3.0,37.667,5.517
2016-04-06 03:20:00,40,0,22.1,40.9,18.89,46.2,24.1,39.2,20.89,40.7,20.73,51.9,5.56,60.49,21.39,35.59,22.7,41.2,20.89,45.363,6.367,754.0,95.0,4.0,21.333,5.6
2016-04-06 09:40:00,80,0,22.0,43.127,20.29,46.46,23.29,38.79,21.29,41.327,20.7,47.9,11.823,28.633,21.0,34.663,21.1,38.663,21.0,44.39,8.767,754.0,83.0,5.667,29.0,6.033
2016-04-06 11:20:00,70,0,22.0,43.4,21.0,43.527,23.2,39.597,21.6,42.59,20.6,46.663,13.033,18.933,21.044,34.178,21.083,38.817,21.0,42.3,10.033,753.867,70.667,5.333,35.333,4.967
2016-04-06 15:20:00,80,0,21.89,41.09,20.427,42.2,22.927,38.5,21.6,40.59,20.533,45.4,12.774,28.191,21.01,34.977,22.89,42.223,20.79,39.4,11.067,752.0,74.333,8.667,40.0,6.6
2016-04-07 14:00:00,60,0,22.067,39.9,22.1,38.2,22.39,38.29,21.533,38.56,20.323,54.127,12.664,8.261,21.912,33.516,22.133,37.327,20.79,41.59,11.1,752.8,57.0,8.0,40.0,2.8
2016-04-07 23:30:00,30,0,21.7,38.663,19.357,41.127,22.6,38.0,20.89,38.03,20.0,47.59,7.0,44.697,21.29,35.767,22.2,38.027,20.6,40.827,6.7,754.1,80.0,3.5,40.0,3.5
2016-04-08 00:10:00,50,0,21.6,38.79,19.2,41.76,22.5,38.127,20.89,38.2,20.0,47.76,7.0,48.363,21.39,36.59,22.1,38.467,20.6,41.627,6.425,754.175,85.833,3.0,39.0,4.258
2016-04-09 07:50:00,50,0,20.79,41.495,17.927,45.86,22.76,38.76,20.1,38.29,20.2,46.5,5.43,59.693,21.236,37.874,22.5,42.26,20.5,43.363,4.617,750.833,89.667,2.0,21.833,3.017
2016-04-09 13:10:00,90,0,22.0,40.333,21.73,38.663,22.29,38.7,20.79,37.4,20.0,45.869,15.5,4.279,21.857,33.5,23.1,36.933,20.5,39.56,12.5,749.833,56.333,7.0,40.0,3.933
2016-04-10 00:40:00,50,0,22.0,40.627,19.5,44.06,22.89,39.7,20.39,38.59,20.0,46.618,7.0,56.89,21.7,37.133,22.79,41.514,20.1,41.23,6.767,751.033,95.667,1.333,32.667,6.067
2016-04-10 08:00:00,90,0,21.1,39.967,18.0,44.767,22.5,38.527,20.0,37.59,19.79,46.09,3.46,60.423,21.5,37.797,21.79,39.29,20.29,44.4,2.4,753.1,99.0,1.0,44.0,2.3
2016-04-10 16:20:00,50,0,23.2,38.03,22.89,36.29,22.79,38.09,22.1,36.9,21.1,42.75,17.23,3.923,23.5,31.1,23.5,35.59,20.79,39.5,14.6,751.533,53.667,4.333,40.0,5.267
2016-04-11 00:10:00,50,0,22.533,39.59,20.2,42.06,22.89,39.59,21.5,38.467,20.7,52.869,9.39,29.7,22.5,37.627,23.08,38.46,20.79,42.127,10.683,750.6,67.0,4.0,40.0,4.783
2016-04-11 22:30:00,70,20,22.6,43.7,20.89,44.03,23.2,40.627,22.7,41.967,21.1,45.9,11.33,35.423,21.89,36.79,23.5,42.44,20.79,41.363,12.35,751.15,70.0,4.0,40.0,6.9
2016-04-12 03:20:00,50,0,21.89,43.09,19.5,44.73,23.5,40.79,22.0,39.7,20.89,44.59,6.19,53.8,21.6,35.933,22.7,44.169,20.823,44.127,7.6,751.533,88.667,2.667,40.0,5.8
2016-04-12 22:20:00,60,20,22.73,42.127,20.76,43.03,25.73,40.79,22.79,38.23,21.29,57.772,7.59,37.86,21.7,34.09,23.6,43.79,21.0,39.23,8.767,751.467,83.333,2.667,40.0,6.1
2016-04-13 02:10:00,40,0,22.2,41.5,19.667,44.2,24.39,39.7,22.7,38.2,21.0,53.9,6.333,49.933,21.5,34.79,23.1,46.821,21.0,42.433,7.6,751.3,85.333,2.0,40.0,5.25
2016-04-13 05:00:00,90,0,21.89,41.09,19.2,44.53,24.39,39.9,22.29,37.9,20.79,52.29,5.727,54.7,21.323,34.663,22.819,44.929,20.89,43.7,5.2,750.5,91.0,1.0,40.0,3.9
2016-04-13 21:00:00,80,10,22.2,43.433,20.0,45.827,23.857,39.467,22.1,40.327,20.89,46.457,6.514,46.174,21.0,36.5,23.5,42.933,20.29,42.23,8.6,752.5,92.0,1.0,26.0,7.3
2016-04-14 10:50:00,70,20,21.5,41.827,22.133,40.4,22.857,38.467,23.323,40.59,20.39,44.5,15.167,38.1,20.7,36.29,22.0,41.5,20.7,41.09,10.433,754.65,79.167,2.0,31.333,6.85
2016-04-14 18:40:00,310,0,23.0,43.53,22.2,41.163,23.39,39.363,23.1,38.56,20.7,45.467,16.067,9.4,21.5,34.518,24.0,41.2,20.7,41.0,15.3,752.467,57.333,3.333,40.0,6.767
2016-04-14 19:10:00,120,0,22.89,42.363,22.033,40.767,23.39,39.7,23.0,38.7,20.7,45.467,15.09,12.497,21.437,34.957,24.1,42.02,20.7,41.127,15.017,752.25,59.667,2.833,40.0,7.05
2016-04-14 22:50:00,60,0,22.667,41.363,20.857,42.863,23.39,39.79,22.6,39.59,20.79,54.8,11.427,38.167,21.254,36.376,23.804,47.306,20.7,43.09,12.917,751.05,71.333,3.667,40.0,7.867
2016-04-15 04:50:00,50,0,21.89,42.467,19.7,45.827,23.79,40.09,22.1,40.7,20.533,51.53,9.6,61.833,21.1,37.5,23.1,48.054,20.79,45.827,9.6,748.1,92.833,4.5,36.667,8.517
2016-04-15 12:30:00,100,10,22.6,43.423,21.7,42.63,25.23,37.627,22.323,40.565,20.6,48.663,16.03,19.167,21.254,36.356,22.434,42.418,20.89,44.223,13.2,748.4,73.0,7.0,34.0,8.45
2016-04-15 18:40:00,100,0,22.89,47.057,21.6,43.967,24.2,38.23,22.39,39.682,21.1,44.96,14.327,16.267,21.921,34.226,23.6,41.353,20.89,42.5,14.544,745.767,59.778,8.111,38.667,6.811
2016-04-15 21:50:00,100,0,22.89,42.95,20.89,44.79,24.1,39.2,22.2,40.51,21.29,57.53,10.46,49.063,21.5,36.627,23.567,41.0,20.823,42.86,11.967,744.55,79.833,6.333,38.167,8.617
2016-04-16 00:00:00,70,0,22.7,42.163,20.39,44.73,23.89,39.433,22.0,40.2,21.1,53.09,10.39,43.73,21.463,36.467,23.533,46.127,20.79,43.76,10.9,744.7,80.0,7.0,40.0,7.6
2016-04-16 17:00:00,100,0,22.667,57.497,21.29,56.027,24.89,40.49,21.89,38.59,20.89,49.293,10.19,41.793,21.39,33.79,24.1,41.7,21.1,43.2,7.6,748.3,87.0,3.0,40.0,5.6
2016-04-17 07:30:00,80,0,21.2,39.29,17.963,44.23,23.463,38.26,20.79,37.59,20.5,45.7,2.86,57.23,20.79,32.7,22.463,38.5,20.79,45.4,2.5,752.85,96.0,1.5,23.5,1.9
2016-04-17 14:10:00,70,0,22.79,39.267,21.857,37.963,23.0,37.59,22.1,35.96,20.79,52.133,11.5,6.533,21.657,28.143,22.823,34.9,21.0,40.133,8.683,756.117,76.833,4.833,40.0,4.767
2016-04-17 16:00:00,120,10,22.79,37.76,21.23,37.03,22.7,36.9,22.31,36.378,20.7,47.193,9.563,12.9,21.79,28.0,23.167,36.79,21.0,39.79,9.7,756.6,71.0,7.0,40.0,4.6
2016-04-17 19:20:00,120,0,23.0,41.457,20.667,41.233,22.823,37.53,22.6,36.316,21.1,44.893,8.033,18.123,21.7,28.2,23.79,37.333,21.0,39.76,8.233,757.867,67.0,4.333,40.0,2.367
2016-04-18 01:00:00,50,20,22.0,38.663,18.567,42.59,22.427,37.79,22.02,36.92,20.6,44.827,1.0,50.127,21.06,30.85,22.89,38.4,20.6,38.863,3.2,760.3,89.0,1.0,40.0,1.5
2016-04-19 10:40:00,30,10,21.29,39.7,21.86,38.49,22.0,37.09,21.79,37.236,19.79,46.4,14.39,11.1,20.29,32.94,21.427,40.73,20.29,39.03,9.867,765.333,80.333,1.333,27.333,6.6
2016-04-19 19:50:00,110,30,22.29,40.127,20.89,37.863,22.323,37.0,22.213,36.943,20.89,70.623,10.49,7.357,21.1,29.171,22.2,39.027,20.0,34.09,11.217,765.867,58.333,4.0,40.0,3.183
2016-04-19 20:20:00,90,0,22.2,39.56,20.7,37.7,22.29,37.09,22.29,36.79,20.7,63.833,9.2,12.095,21.0,29.29,22.2,38.26,20.0,33.9,10.133,766.033,63.667,3.667,40.0,3.367
2016-04-19 21:30:00,50,10,22.1,39.527,20.2,38.157,22.1,37.26,22.129,35.764,20.463,55.123,7.867,22.567,20.79,29.819,22.29,39.73,19.79,34.3,7.65,766.5,75.0,3.0,40.0,3.4
2016-04-20 10:10:00,50,0,21.39,41.033,23.89,34.84,22.033,36.933,22.39,35.236,19.633,43.267,11.16,10.297,20.05,30.39,21.2,38.09,20.29,38.56,8.85,767.8,70.833,5.167,40.0,3.717
2016-04-20 23:30:00,50,0,22.2,34.29,20.133,35.633,22.89,36.163,22.6,32.9,20.5,53.527,8.13,11.19,21.7,31.996,22.6,39.627,20.1,37.4,8.5,764.5,62.0,4.5,40.0,1.55
2016-04-21 08:30:00,50,0,21.5,37.03,20.43,38.067,22.7,35.59,22.04,34.44,20.0,46.433,9.757,17.867,21.272,32.616,21.7,39.4,20.29,37.4,7.25,762.8,74.5,3.5,27.0,2.95
2016-04-21 10:30:00,40,0,21.79,37.76,23.1,34.5,22.79,35.79,22.571,35.064,20.0,45.09,14.63,3.457,21.29,32.2,21.39,39.09,20.29,38.145,11.4,762.65,62.0,4.0,27.5,4.2
2016-04-21 11:00:00,50,0,21.79,37.79,23.2,34.327,22.7,35.827,22.62,35.356,20.0,45.0,15.89,1.5,21.29,32.09,21.427,39.127,20.29,38.4,12.5,762.7,57.0,4.0,28.0,4.1
2016-04-21 11:20:00,60,0,21.89,37.9,23.357,34.2,22.7,35.967,22.7,35.29,20.0,44.79,17.367,1.0,21.29,32.09,21.39,39.2,20.29,38.4,13.133,762.633,57.333,4.0,32.0,4.767
2016-04-21 13:50:00,60,0,22.73,35.863,23.5,32.53,22.89,35.933,23.0,34.219,20.2,42.26,20.0,1.0,22.39,29.739,21.29,38.03,20.29,37.49,16.95,761.433,40.667,4.833,40.0,3.467
2016-04-21 17:00:00,80,0,23.0,34.933,23.1,32.76,23.1,35.433,22.89,33.9,21.0,38.2,20.7,1.0,22.5,29.02,22.26,38.4,20.2,36.2,18.5,759.9,37.0,4.0,40.0,3.3
2016-04-22 03:40:00,70,0,22.39,37.2,20.29,39.09,23.5,37.79,22.726,35.0,20.39,43.09,10.69,10.067,22.0,36.236,22.5,43.863,20.29,39.9,10.7,760.067,64.333,4.0,36.333,4.233
2016-04-22 06:30:00,50,0,22.26,38.163,19.927,40.23,23.23,37.193,22.6,35.036,20.418,43.37,8.6,27.327,21.85,35.87,22.26,42.563,20.39,40.73,8.55,759.6,76.5,4.0,34.5,4.55
2016-04-22 09:10:00,400,20,22.2,37.7,21.1,37.06,23.32,37.498,22.89,35.2,20.39,43.163,12.13,10.267,21.6,32.572,21.89,39.363,20.5,37.7,9.3,759.9,72.833,3.167,38.167,4.65
2016-04-23 00:30:00,50,0,22.5,39.045,20.29,40.03,24.927,36.4,22.39,35.29,21.0,55.963,7.727,48.123,21.5,32.5,23.5,45.76,20.5,39.53,8.55,757.0,79.0,5.0,33.5,5.05
2016-04-23 06:20:00,60,0,22.0,38.29,19.2,41.4,24.667,37.363,22.0,35.29,20.6,50.26,6.4,49.767,21.29,32.59,22.89,44.09,20.6,41.327,5.967,756.2,88.0,3.333,40.0,4.167
2016-04-23 17:10:00,80,0,23.0,35.163,21.29,33.657,23.73,33.29,22.5,32.772,20.927,40.663,9.39,1.0,22.171,26.297,23.79,33.43,20.73,38.363,8.667,757.35,50.667,7.833,40.0,-1.033
2016-04-23 21:00:00,100,0,22.89,36.53,20.29,37.663,23.6,33.7,22.236,32.0,21.39,54.593,4.8,14.023,21.6,26.1,24.1,34.3,20.6,33.0,5.0,758.5,68.0,4.0,40.0,-0.5
2016-04-24 07:30:00,70,0,21.5,36.7,18.26,40.46,23.1,34.5,21.5,33.4,20.5,45.527,4.333,50.233,21.434,32.7,22.89,39.633,20.5,39.267,3.05,757.9,93.0,1.5,40.0,1.95
2016-04-24 09:20:00,100,10,21.5,36.59,18.79,38.963,23.067,34.467,21.79,34.4,20.857,65.567,5.263,49.03,21.434,32.634,22.79,38.79,20.39,36.567,4.3,758.033,86.333,4.0,27.0,2.2
2016-04-24 13:20:00,70,0,21.6,36.433,19.79,38.363,22.76,34.2,21.6,34.09,20.5,47.627,4.993,56.267,21.52,31.29,23.2,37.0,20.427,36.53,5.133,757.7,82.667,3.0,40.0,2.333
2016-04-24 16:00:00,60,0,22.0,36.2,20.1,37.5,22.7,34.29,21.7,34.4,20.39,45.4,5.867,42.833,22.014,30.29,23.7,36.0,20.5,37.03,6.6,757.3,66.0,7.0,40.0,0.6
2016-04-24 22:20:00,80,0,21.73,35.433,18.89,37.9,22.567,34.26,21.239,32.337,20.463,41.29,2.133,44.763,21.79,31.453,24.427,37.127,20.2,34.43,2.867,758.267,85.667,3.0,40.0,0.667
2016-04-24 22:40:00,70,0,21.7,35.363,18.79,38.06,22.6,34.363,21.2,32.4,20.39,41.53,1.73,45.9,21.79,31.819,24.5,37.2,20.2,34.967,2.533,758.233,88.333,3.0,40.0,0.733
2016-04-25 01:30:00,70,0,21.29,35.2,18.1,39.09,22.7,35.0,21.0,32.853,20.23,42.827,1.933,51.527,21.7,33.7,24.5,40.567,20.2,37.79,1.45,757.85,94.5,2.0,32.5,0.65
2016-04-25 02:30:00,70,0,21.2,35.29,17.927,39.2,22.7,35.09,20.89,33.0,20.2,43.0,1.667,52.3,21.7,33.872,24.39,41.4,20.2,38.29,1.15,757.5,96.0,2.5,23.5,0.55
2016-04-25 04:30:00,60,0,21.0,35.4,17.7,39.59,22.6,35.09,20.7,33.268,20.1,43.29,2.327,54.967,21.7,34.4,24.29,41.2,20.2,39.0,1.5,756.65,96.5,2.0,22.0,0.95
2016-04-25 04:40:00,70,0,21.0,35.4,17.7,39.59,22.6,35.163,20.7,33.29,20.1,43.29,2.327,54.827,21.7,34.4,24.222,41.025,20.2,39.0,1.6,756.567,96.333,2.0,21.667,1.033
2016-04-25 08:20:00,60,20,20.89,36.627,18.0,40.29,22.133,34.5,20.686,34.483,20.0,42.827,6.1,54.26,21.29,31.819,23.427,38.067,20.0,36.527,3.833,754.933,90.667,2.667,25.0,2.4
2016-04-25 11:00:00,70,10,20.76,37.0,18.5,40.0,21.89,34.5,21.06,35.656,19.89,40.9,9.5,50.657,21.057,32.121,22.823,37.327,19.89,35.9,5.5,753.5,92.0,3.0,21.0,4.3
2016-04-25 15:30:00,80,0,20.79,38.29,19.1,39.9,21.89,35.4,21.2,36.29,19.89,40.9,8.667,59.79,20.89,32.988,22.29,37.627,19.7,36.29,7.15,750.3,91.0,5.0,51.5,5.75
2016-04-26 00:10:00,60,20,21.6,37.7,18.963,39.76,21.7,36.4,21.39,37.29,19.89,51.463,2.79,53.467,20.6,32.0,23.1,43.663,19.5,37.5,3.3,749.15,91.0,3.667,40.0,1.983
2016-04-26 02:20:00,40,0,21.26,37.863,18.29,40.0,21.79,36.29,21.1,35.554,19.7,49.53,1.745,54.545,20.5,31.5,22.76,43.467,19.5,38.433,2.6,748.733,91.667,3.0,40.0,1.4
2016-04-26 06:50:00,50,0,20.79,37.59,17.5,41.633,21.6,35.5,20.5,35.06,19.5,46.827,1.167,55.29,20.29,30.79,22.26,40.93,19.5,38.833,1.683,747.917,90.0,4.833,29.0,0.183
2016-04-26 09:50:00,50,0,20.89,37.09,21.29,35.723,21.857,35.09,20.89,35.0,19.39,45.363,6.867,57.633,20.26,30.357,21.89,38.7,19.7,35.627,5.25,747.983,75.5,7.0,40.0,1.233
2016-04-26 14:30:00,40,0,20.89,36.79,19.945,36.645,21.79,35.09,20.76,34.7,19.357,43.79,6.59,50.167,20.29,30.5,21.533,37.9,19.6,35.03,4.55,748.45,81.0,3.5,40.0,1.5
2016-04-26 15:40:00,50,0,20.857,36.863,19.7,37.327,21.79,35.09,20.667,34.76,19.29,43.5,7.867,46.863,20.29,30.7,21.5,37.9,19.6,35.09,4.9,748.467,76.667,3.333,40.0,1.067
2016-04-27 10:00:00,90,20,20.533,37.327,18.7,40.233,21.323,35.03,20.6,35.7,19.1,44.45,6.5,55.627,19.5,31.567,21.29,37.645,19.2,37.723,4.5,751.4,91.0,4.0,24.0,3.2
2016-04-28 02:30:00,50,0,21.067,35.5,17.79,38.29,21.5,35.09,20.29,34.827,19.2,57.157,-0.133,52.43,19.39,29.6,22.033,41.657,18.89,36.7,0.25,755.35,95.5,2.0,21.5,-0.4
2016-04-28 09:50:00,80,10,20.7,35.9,21.867,33.623,21.463,34.7,20.79,36.363,18.7,47.157,9.597,35.3,19.1,29.323,21.0,36.863,19.1,34.29,5.817,756.35,78.833,2.0,38.167,2.467
2016-04-28 17:20:00,140,0,21.1,33.693,20.033,31.697,21.5,34.597,20.6,32.227,19.0,40.93,11.6,1.0,19.89,25.857,21.567,35.23,18.79,30.327,9.767,756.1,52.0,3.333,40.0,0.333
2016-04-28 19:30:00,90,0,21.133,33.86,19.7,32.467,23.73,36.8,20.427,31.46,19.2,39.06,10.267,1.0,19.7,24.1,21.963,34.29,18.79,29.2,9.45,756.2,42.0,4.0,40.0,-2.95
2016-04-29 09:50:00,60,0,20.2,36.967,18.0,39.4,22.5,34.09,19.5,34.7,18.633,40.627,9.3,29.09,18.927,30.533,20.7,37.4,18.6,35.79,7.133,754.683,79.333,6.167,40.0,3.8
2016-04-29 18:00:00,330,0,22.6,37.133,21.2,36.79,23.2,35.29,19.89,39.46,19.1,42.59,11.4,24.663,19.2,33.933,21.29,40.863,18.79,37.59,9.3,755.5,78.0,4.0,40.0,5.6
2016-04-30 04:50:00,50,0,21.6,37.09,18.89,40.2,22.89,37.2,19.39,37.7,19.067,43.2,5.0,52.5,19.2,33.7,21.427,44.963,19.1,41.09,5.017,757.167,95.333,1.167,38.167,4.35
2016-04-30 10:50:00,290,0,21.39,37.827,20.2,38.163,23.827,40.49,20.0,38.86,19.2,42.59,11.867,17.8,19.2,33.5,21.5,40.963,19.427,40.7,7.85,759.05,78.833,1.0,40.0,4.383
2016-04-30 18:10:00,70,0,22.0,40.467,20.6,40.4,24.2,37.327,20.2,38.333,19.7,50.9,11.19,2.767,19.7,30.89,22.79,37.53,19.427,37.73,9.683,760.667,67.0,6.0,40.0,3.7
2016-04-30 23:30:00,40,0,21.2,38.29,18.533,41.4,23.2,36.29,19.79,38.0,19.5,47.4,4.69,37.197,19.5,31.5,22.39,39.4,19.2,38.03,4.85,763.5,84.0,2.5,40.0,2.35
2016-05-01 21:20:00,70,0,22.79,34.79,20.633,35.23,22.427,35.2,21.2,34.833,20.39,64.993,6.897,5.067,19.5,27.93,23.5,37.663,19.5,34.233,9.533,765.933,58.0,2.667,40.0,1.533
2016-05-02 11:00:00,50,0,21.76,36.363,25.1,30.39,22.6,35.2,22.39,34.9,19.6,43.967,17.227,1.0,19.5,29.6,21.76,38.127,19.79,38.356,12.95,763.85,48.0,2.5,34.5,1.8
2016-05-02 19:10:00,120,0,23.1,38.627,22.633,36.5,23.1,36.76,22.5,37.567,20.39,49.163,15.66,8.49,20.79,36.63,23.745,41.29,19.79,38.5,14.683,760.567,67.333,3.833,40.0,8.667
2016-05-02 19:40:00,150,0,23.067,38.56,22.357,36.827,23.1,36.863,22.5,37.79,20.23,50.0,15.13,10.393,20.89,37.367,23.79,41.29,19.83,38.736,14.333,760.467,68.333,3.333,40.0,8.567
2016-05-03 12:50:00,50,0,22.6,38.163,24.857,32.29,23.2,37.59,22.89,37.09,20.76,41.53,14.263,1.0,21.06,33.71,22.23,39.59,20.333,39.943,12.3,764.067,52.667,4.167,40.0,2.867
2016-05-04 00:30:00,50,0,22.6,35.29,20.0,37.127,23.1,36.79,22.39,33.59,21.0,49.267,4.06,28.697,21.5,34.669,23.6,42.363,20.361,39.169,5.3,766.45,81.0,1.0,40.0,2.3
2016-05-04 03:50:00,30,0,22.1,35.76,19.2,38.2,23.23,37.2,22.1,33.59,20.7,47.0,2.022,38.422,21.456,35.46,23.167,42.663,20.39,40.09,2.667,766.683,91.5,1.0,30.833,1.4
2016-05-04 06:00:00,70,0,21.89,36.8,18.79,40.09,23.0,36.2,21.89,33.79,20.567,46.133,1.863,43.6,21.319,34.997,22.89,41.027,20.29,39.856,1.7,766.6,94.0,1.0,40.0,0.9
2016-05-04 20:30:00,110,0,23.6,33.2,22.5,31.633,23.1,35.09,23.167,32.327,21.2,39.627,11.667,1.0,22.39,29.93,24.89,36.454,20.39,32.7,13.45,764.25,49.0,3.0,40.0,2.75
2016-05-05 08:20:00,90,0,22.29,34.6,22.467,32.1,23.73,35.4,22.357,31.893,20.79,40.09,13.23,1.0,21.861,32.0,23.2,37.851,20.73,37.6,9.1,762.933,61.667,2.333,40.0,1.967
2016-05-06 05:00:00,60,0,22.89,36.29,20.6,38.09,23.89,37.29,22.6,34.5,19.39,41.2,7.933,40.027,22.5,36.9,22.927,42.7,21.1,41.09,9.1,755.8,79.0,4.0,40.0,5.6
2016-05-06 08:10:00,110,0,22.79,37.05,22.39,36.53,23.36,35.727,22.567,35.56,19.567,53.697,15.433,18.167,22.2,35.09,22.79,41.56,21.29,42.2,11.283,755.15,76.833,1.0,40.0,7.317
2016-05-06 12:50:00,80,0,23.533,35.693,26.357,29.997,23.79,36.7,24.29,35.467,19.963,46.963,24.29,1.0,22.671,34.137,23.39,37.7,21.5,39.821,20.5,753.75,44.667,3.833,40.0,8.017
2016-05-06 15:30:00,80,10,24.6,33.327,25.29,30.5,24.1,35.9,24.0,34.79,20.2,45.06,24.143,1.0,23.79,32.0,23.6,36.863,21.5,38.59,22.35,753.0,37.5,4.5,40.0,7.15
2016-05-06 20:50:00,80,0,24.6,38.363,24.0,36.645,24.7,37.245,24.05,37.145,21.39,54.66,15.92,4.62,23.39,34.5,24.79,40.927,21.6,39.7,19.017,752.383,49.5,2.167,25.0,8.2
2016-05-07 05:40:00,50,0,23.6,37.7,21.5,39.2,24.633,38.29,23.5,36.59,21.05,47.522,11.19,20.263,22.7,33.9,23.6,42.127,21.79,43.4,11.5,751.9,66.0,1.667,40.0,5.333
2016-05-07 14:30:00,90,0,25.5,32.43,27.1,27.763,25.1,36.26,24.2,34.7,21.7,47.0,25.6,1.0,23.39,30.671,24.5,35.59,22.29,38.039,24.3,752.1,26.5,5.0,40.0,3.75
2016-05-07 15:00:00,110,0,25.6,31.29,26.76,27.427,25.1,36.03,24.29,34.9,21.7,46.027,25.7,1.0,23.39,30.754,24.567,35.723,22.29,37.7,24.6,752.1,25.0,4.0,40.0,3.0
2016-05-07 20:30:00,100,0,25.1,38.967,24.567,37.627,25.39,37.09,24.5,37.09,23.63,73.923,19.913,1.0,23.89,37.59,25.312,39.914,22.39,39.556,22.0,751.3,48.5,1.5,40.0,10.6
2016-05-08 02:20:00,50,0,24.5,39.0,22.79,39.4,25.633,38.79,24.2,37.29,22.39,51.09,12.651,26.707,23.79,39.656,24.79,44.026,22.5,43.076,12.2,751.767,85.333,1.333,35.667,9.767
2016-05-08 16:00:00,60,0,25.2,37.0,26.39,31.6,26.2,37.754,25.033,36.2,24.0,34.29,28.2,1.0,24.043,32.809,24.89,35.0,23.1,39.06,24.4,751.0,33.0,4.0,40.0,7.0
2016-05-08 18:20:00,50,0,25.1,35.433,25.76,30.7,26.29,37.178,24.89,34.967,24.5,30.293,26.34,1.0,24.04,29.958,24.6,33.09,23.1,37.56,25.5,750.6,25.0,6.333,36.333,3.933
2016-05-09 07:40:00,60,0,24.23,39.23,23.097,39.267,26.0,37.29,24.5,37.03,23.0,41.9,17.598,13.58,24.057,36.653,23.89,40.2,23.347,42.176,14.033,752.5,73.0,2.0,36.333,9.167
2016-05-09 16:20:00,70,20,25.357,39.127,26.5,34.663,26.39,37.736,25.34,39.345,23.5,42.827,27.236,1.0,24.2,37.0,24.0,41.618,23.6,41.0,22.7,752.467,47.667,3.0,40.0,10.833
2016-05-10 00:00:00,50,0,25.29,43.09,24.1,42.863,26.79,39.79,25.89,41.7,23.533,48.29,16.236,34.41,24.2,40.627,25.5,50.536,23.7,45.59,17.0,753.1,79.0,4.0,40.0,13.4
2016-05-10 07:30:00,60,0,24.89,47.4,23.133,48.7,26.5,41.751,25.1,46.2,23.79,56.233,15.89,58.467,24.2,43.2,25.143,48.739,23.956,48.09,15.35,751.0,92.0,3.0,40.0,14.0
2016-05-10 18:40:00,110,0,25.29,48.5,24.5,47.476,26.043,44.069,25.39,46.127,25.745,83.75,21.263,11.463,24.937,44.09,25.89,48.975,24.2,47.2,18.8,749.167,77.667,3.333,40.0,14.833
2016-05-10 22:10:00,60,0,25.0,48.0,23.68,48.178,26.29,43.79,25.1,45.59,24.29,62.2,14.622,52.048,24.6,43.131,26.29,52.96,24.0,47.29,14.967,749.483,87.333,2.0,40.0,12.833
2016-05-10 23:00:00,60,0,24.89,47.79,23.472,48.475,26.421,43.7,25.1,45.539,24.2,60.56,14.63,53.9,24.6,43.0,26.347,54.196,24.0,47.2,14.8,749.4,89.0,2.0,40.0,13.0
2016-05-10 23:50:00,50,0,24.89,47.56,23.29,48.7,26.557,43.5,25.1,45.59,24.133,59.53,14.8,55.4,24.6,42.9,26.29,54.4,24.0,47.2,15.467,749.15,86.5,2.833,40.0,13.167
2016-05-11 10:00:00,60,0,24.79,50.36,27.39,44.38,25.12,46.86,25.726,44.621,23.79,53.76,21.124,26.53,24.434,44.67,25.323,49.4,23.79,49.279,17.2,748.7,80.0,1.0,40.0,13.6
2016-05-11 19:50:00,90,0,25.5,49.2,24.804,47.4,26.2,45.5,25.7,46.254,24.763,82.0,16.29,44.137,24.984,44.239,26.7,51.197,23.934,48.4,18.133,745.55,67.667,1.667,40.0,12.033
2016-05-12 03:20:00,50,0,24.89,47.5,22.89,49.2,26.6,44.59,25.29,44.564,23.89,54.863,12.421,55.923,24.7,42.09,25.89,51.06,24.0,48.0,12.733,745.067,96.667,1.0,58.333,12.233
2016-05-12 04:40:00,50,0,24.79,47.2,22.7,49.29,26.583,44.5,25.2,44.4,23.89,54.06,11.933,55.123,24.7,41.856,25.79,49.959,24.0,48.0,12.4,744.8,98.667,1.0,57.667,12.167
2016-05-12 10:00:00,60,0,24.79,47.79,24.6,46.09,26.0,43.79,25.2,44.777,23.89,51.76,19.26,35.433,24.7,42.663,25.39,48.59,24.0,47.29,16.5,744.3,76.0,3.0,22.0,12.3
2016-05-12 10:40:00,60,10,24.89,48.0,24.718,46.072,26.0,43.856,25.2,44.9,23.89,51.59,19.1,32.023,24.7,42.76,25.39,48.59,24.06,47.356,16.567,744.367,74.667,3.0,20.667,12.033
2016-05-13 08:10:00,330,20,24.79,48.76,25.014,46.34,26.8,44.267,24.89,45.5,24.0,49.4,17.075,55.822,24.76,41.467,25.7,47.09,24.1,46.9,14.4,746.85,86.833,2.167,54.167,12.2
2016-05-13 16:50:00,270,0,26.1,41.627,26.29,38.09,29.199,37.524,25.6,41.726,24.667,53.567,23.43,1.0,25.927,36.927,25.39,43.254,24.5,42.09,23.1,748.083,45.0,7.0,40.0,10.5
2016-05-13 20:50:00,100,10,25.79,38.73,24.6,38.067,26.754,34.4,25.39,40.0,24.033,44.457,13.9,14.69,25.1,36.26,26.34,42.2,23.39,38.59,15.733,750.433,63.833,7.333,29.167,8.667
2016-05-13 23:30:00,60,0,25.29,39.59,23.29,40.76,25.89,34.536,25.29,39.621,24.0,50.4,9.567,34.53,25.0,36.7,26.1,43.59,23.79,43.7,10.4,752.55,83.0,7.5,22.5,7.55
2016-05-14 16:30:00,110,0,25.0,31.867,23.89,29.7,23.463,30.133,24.667,31.76,23.79,39.54,13.233,1.0,24.79,27.6,26.29,33.429,23.5,32.45,12.0,758.0,49.5,7.0,40.0,1.65
2016-05-14 18:10:00,120,10,25.033,40.293,23.5,35.871,23.7,31.745,24.89,32.93,23.921,38.726,11.56,1.0,24.7,27.5,26.6,34.67,23.2,30.7,11.383,758.55,50.833,7.833,30.833,1.433
2016-05-15 01:40:00,60,0,23.79,35.06,20.804,37.166,24.2,35.4,23.89,33.2,23.6,38.9,2.5,32.96,24.0,30.23,25.033,36.06,23.0,37.674,4.6,760.7,84.667,2.0,40.0,2.167
2016-05-15 03:20:00,40,0,23.7,35.29,20.5,38.018,24.254,36.076,23.79,33.79,23.5,39.09,1.9,36.16,23.89,30.5,24.79,36.29,23.06,39.0,4.133,760.7,86.0,2.0,40.0,1.9
2016-05-15 15:20:00,90,0,23.5,35.0,23.29,32.59,24.2,34.2,23.79,32.99,23.2,36.9,15.463,1.0,23.89,27.2,25.667,34.433,22.934,33.254,13.067,761.433,48.0,4.0,40.0,2.2
2016-05-15 17:10:00,140,20,23.5,35.0,22.5,33.812,24.29,35.09,24.2,34.29,23.1,37.29,12.7,2.0,23.7,28.033,25.89,34.08,22.833,32.869,13.383,761.083,46.667,3.833,40.0,2.167
2016-05-15 19:20:00,100,20,23.6,37.29,22.0,37.397,24.236,36.09,24.2,35.53,23.0,38.4,10.16,26.633,23.5,30.43,25.7,36.22,22.79,34.471,10.767,760.9,69.667,3.333,32.667,5.367
2016-05-16 11:50:00,110,0,22.79,39.433,21.7,39.62,24.6,37.337,23.357,37.223,22.6,41.126,15.823,9.233,23.1,32.433,24.39,37.92,22.823,39.33,9.183,761.4,72.0,1.0,29.167,4.3
2016-05-16 12:40:00,120,0,22.89,38.56,22.363,37.554,24.62,37.09,23.167,35.627,22.6,40.116,15.033,1.0,23.2,31.29,24.557,37.9,22.89,38.0,10.3,761.467,65.667,1.0,35.667,4.067
2016-05-16 13:40:00,340,0,23.23,42.43,22.81,37.554,24.7,37.0,23.39,35.663,22.6,39.764,16.3,1.0,23.39,30.323,25.0,37.239,22.89,38.95,12.133,761.233,59.0,1.0,40.0,4.267
2016-05-17 02:00:00,50,0,22.857,39.363,20.7,39.933,24.5,37.726,22.89,37.09,20.543,40.813,9.172,30.974,23.5,35.318,24.2,39.834,22.62,39.576,9.1,760.2,81.0,1.0,40.0,5.9
2016-05-19 03:20:00,60,0,23.1,41.0,20.6,43.7,24.6,39.4,23.0,40.2,21.1,50.4,7.367,50.9,23.186,40.09,24.033,43.097,22.5,43.4,8.067,749.267,97.0,2.0,24.667,7.567
2016-05-19 08:40:00,50,0,22.927,41.23,22.327,41.29,24.29,38.5,22.79,40.06,21.14,48.772,13.323,53.227,23.0,38.4,23.1,40.29,22.5,42.077,9.267,751.8,90.667,1.667,28.0,7.767
2016-05-20 01:10:00,50,0,23.1,41.2,21.333,42.0,24.6,39.7,23.0,40.4,22.1,57.423,8.463,40.433,23.0,36.471,23.89,44.09,22.6,43.4,9.967,757.883,86.167,3.0,40.0,7.8
2016-05-20 03:50:00,50,0,22.927,41.29,20.89,43.036,24.7,40.0,22.79,40.327,21.89,54.356,10.39,49.027,22.861,36.669,23.586,43.751,22.6,44.29,9.967,757.7,93.5,4.667,30.833,8.917
2016-05-20 11:10:00,80,30,22.89,44.93,21.918,45.011,24.5,40.2,23.89,42.9,21.79,48.4,15.963,39.363,22.7,40.854,22.726,46.694,22.5,44.06,14.083,758.15,86.167,4.0,30.167,11.783
2016-05-21 01:10:00,50,0,23.1,45.29,21.5,46.9,24.89,42.09,23.26,43.76,22.6,49.2,13.13,50.067,22.89,40.96,23.5,52.16,22.6,45.776,14.133,757.617,90.833,3.167,30.0,12.683
2016-05-21 14:00:00,220,0,23.943,49.364,25.1,43.501,26.164,43.435,23.971,46.118,22.787,50.974,24.103,1.0,23.564,43.008,23.611,49.786,23.046,46.775,21.5,755.0,57.0,7.0,40.0,12.6
2016-05-21 19:30:00,110,10,24.831,47.309,24.86,43.904,26.521,42.121,24.137,45.592,23.081,51.537,24.534,7.463,24.068,42.459,24.193,49.445,23.122,46.991,21.4,753.05,59.5,5.5,40.0,13.2
2016-05-22 04:20:00,60,0,24.59,51.014,23.953,49.469,27.056,45.06,23.898,47.831,22.818,53.314,20.876,31.932,23.758,44.885,24.574,52.48,23.214,49.4,16.1,749.4,85.0,2.0,40.0,13.433
2016-05-22 16:30:00,90,0,24.7,52.09,24.29,51.045,26.29,45.663,24.2,49.767,22.956,54.59,20.79,26.427,23.7,47.96,25.718,53.63,23.29,51.106,16.35,750.2,90.0,2.5,33.5,14.7
2016-05-23 09:00:00,60,0,24.1,47.79,21.79,50.7,25.39,42.73,23.39,45.59,22.89,50.7,11.3,52.79,23.39,41.2,24.533,47.23,23.2,48.59,11.9,754.9,92.0,2.0,61.0,10.7
2016-05-23 15:50:00,70,0,24.533,46.5,24.39,44.268,25.7,42.163,23.89,45.5,23.2,49.29,17.597,1.0,23.79,39.29,24.1,46.23,23.2,44.59,14.867,757.233,72.333,6.0,40.0,9.933
2016-05-23 21:20:00,70,20,25.1,44.7,23.2,44.59,25.7,41.79,24.2,44.26,23.89,60.88,11.933,26.26,23.6,38.0,25.23,46.39,22.6,41.0,11.967,759.233,79.0,5.333,40.0,8.433
2016-05-23 21:30:00,60,30,25.067,44.7,23.133,44.663,25.7,41.79,24.2,44.29,23.83,60.538,11.667,26.4,23.6,38.039,25.29,46.797,22.6,41.06,11.8,759.25,79.5,5.0,40.0,8.35
2016-05-24 01:50:00,50,0,24.39,44.79,22.0,46.745,25.89,42.4,23.927,43.0,23.39,53.429,11.0,32.567,23.39,38.29,24.65,48.1,22.945,46.6,10.85,759.717,86.167,4.667,29.0,8.583
2016-05-24 02:40:00,60,0,24.26,44.76,21.857,46.76,25.89,42.29,23.79,42.7,23.35,52.754,10.8,35.097,23.39,38.2,24.6,47.663,23.0,47.09,10.667,759.633,86.0,4.333,27.0,8.433
2016-05-24 11:40:00,110,0,24.0,40.7,22.55,41.545,25.1,39.09,23.5,41.59,23.39,61.927,14.727,4.23,23.1,35.827,24.567,45.097,22.79,40.495,11.367,759.567,76.667,3.333,32.667,7.3
2016-05-24 14:00:00,150,0,24.29,40.663,23.7,39.193,25.2,39.23,23.79,41.09,23.29,50.554,16.63,1.0,23.323,34.9,24.58,40.152,22.79,38.95,13.6,758.9,70.0,5.0,29.0,8.2
2016-05-24 15:20:00,140,10,24.39,38.63,23.79,36.723,25.2,38.76,23.89,39.997,23.2,47.156,16.733,1.0,23.5,34.475,24.5,38.634,22.76,38.5,14.4,758.7,66.333,4.667,36.0,8.067
2016-05-24 21:10:00,90,0,24.6,40.53,22.963,40.03,25.167,38.79,24.133,39.663,22.951,44.504,10.89,12.797,23.29,33.59,25.1,44.49,22.39,36.7,11.133,758.1,71.0,5.0,29.0,5.967
2016-05-25 01:10:00,50,0,24.1,40.4,21.7,42.29,25.39,39.7,24.0,39.59,21.2,38.79,8.427,28.893,23.1,35.09,24.571,46.169,22.567,41.967,8.65,758.05,87.0,1.0,29.0,6.517
2016-05-25 03:50:00,50,0,23.79,40.29,21.167,42.79,25.39,39.9,23.7,39.09,20.2,37.7,5.5,38.567,23.067,35.163,24.29,43.656,22.65,44.322,6.583,757.35,92.833,1.0,26.5,5.467
2016-05-25 06:20:00,50,0,23.5,38.9,20.7,42.163,24.65,36.95,23.39,38.09,19.478,40.75,7.123,44.8,22.857,34.633,24.086,43.056,22.6,44.03,6.333,757.067,97.0,1.0,24.0,5.933
2016-05-25 07:30:00,60,0,23.39,39.727,20.815,42.342,24.79,37.79,23.26,38.59,19.281,42.594,9.4,43.623,22.79,34.59,23.89,41.59,22.5,42.067,7.55,757.25,95.0,1.0,24.5,6.85
2016-05-25 08:20:00,60,20,23.39,40.03,21.067,42.5,24.7,38.0,23.1,38.527,20.396,44.078,11.09,33.1,22.7,35.0,23.79,41.29,22.39,41.06,8.633,757.3,90.333,1.0,26.333,7.167
2016-05-25 19:20:00,130,0,24.453,37.264,23.632,34.862,24.848,36.606,24.243,38.019,21.385,50.361,18.949,3.644,23.38,35.218,24.506,40.719,22.1,38.06,16.333,756.1,55.667,1.667,32.667,7.333
2016-05-25 20:20:00,440,0,24.383,37.661,23.531,35.556,24.861,36.84,24.173,38.199,21.377,50.38,18.336,7.61,23.365,35.545,24.44,40.981,22.1,38.564,15.833,756.167,59.333,1.333,35.333,7.867
2016-05-25 23:50:00,50,0,24.138,39.049,23.175,37.983,24.904,37.658,23.928,38.826,21.35,50.449,16.194,21.492,23.314,36.691,24.208,41.896,22.1,40.331,10.933,756.95,91.0,2.167,55.5,9.55
2016-05-26 14:30:00,70,0,24.2,41.627,25.7,35.46,26.5,37.56,24.5,40.23,21.7,48.163,23.13,1.0,23.79,37.121,23.39,43.7,22.6,43.73,20.0,756.7,49.0,2.5,27.5,8.95
2016-05-26 15:40:00,70,0,24.2,41.627,25.39,36.29,26.2,37.23,24.5,39.827,21.89,47.79,24.0,1.0,24.0,36.7,23.39,43.2,22.667,43.29,20.867,756.467,48.667,1.667,35.333,9.6
2016-05-26 16:50:00,470,0,24.39,43.757,25.39,37.134,26.163,38.067,24.7,40.7,22.0,47.7,24.65,1.0,24.2,37.5,23.823,45.1,22.6,43.5,20.783,756.15,45.5,1.833,40.0,8.45
2016-05-26 17:10:00,620,0,24.39,44.333,25.37,37.736,26.73,38.863,24.7,40.56,22.1,47.967,23.95,1.0,24.254,37.856,24.033,45.933,22.6,43.5,20.767,756.05,45.167,2.0,40.0,8.333
2016-05-27 13:30:00,250,0,25.323,47.93,26.6,41.013,28.2,42.09,24.533,45.567,22.79,53.06,25.86,1.0,23.934,43.5,23.89,49.29,23.1,46.522,21.55,755.95,59.5,1.5,23.0,13.3
